,address,asked_price,coordinate,final_price,pourcentage_difference,land_area,area,commune,price_per_area,rooms,sale_date,supplemental_area
0,Markviksvägen 15,6475000.0,"[59.371685, 17.8250389]",6950000,7.0,635.0,117.0,"Hässelby Södra Villastad, Stockholms kommun",59402.0,5.0,Såld 2022-06-17,44.0
1,Mälarhöjdsvägen 38,9950000.0,"[59.3008766, 17.9478054]",11300000,14.0,882.0,195.0,"Mälarhöjden - Hägersten, Stockholms kommun",57949.0,5.0,Såld 2022-06-17,22.0
2,Häradsvägen 202,5795000.0,"[59.27202322587505, 17.954076342308372]",6200000,7.0,1224.0,90.0,"Segeltorp, Huddinge kommun",68889.0,6.0,Såld 2022-06-17,90.0
3,Hemmansvägen 18,11950000.0,"[59.28390406370304, 18.07625832074728]",12700000,6.0,542.0,110.0,"Gamla Enskede, Stockholms kommun",115455.0,5.0,Såld 2022-06-17,48.0
4,Alholmsbacken 8,7950000.0,"[59.28134, 17.9009438]",8100000,2.0,690.0,157.0,"Skärholmshöjden., Stockholms kommun",51592.0,6.0,Såld 2022-06-17,0.0
5,Herrgårdsvägen 13,14500000.0,"[59.2924271, 18.06412]",16400000,13.0,529.0,136.0,"Enskede Gård, Stockholms kommun",120588.0,9.0,Såld 2022-06-17,64.0
6,Skogsslingan 14,5300000.0,"[59.28062, 17.8804951]",4910000,7.0,688.0,140.0,"Johannesdal - Vårberg, Stockholms kommun",35071.0,6.0,Såld 2022-06-17,24.0
7,Brunflogatan 50,7195000.0,"[59.36239706, 17.8897221448]",7195000,0.0,588.0,114.0,"Vällingby - Råcksta Trädgårdsstad, Stockholms kommun",63114.0,7.0,Såld 2022-06-16,65.0
8,Knektvägen 8,6395000.0,"[59.2293115452725, 18.203405903355126]",6070000,5.0,1530.0,98.0,"Trollbäcken/Hanviken, Tyresö kommun",61939.0,5.0,Såld 2022-06-16,97.0
9,Vinstavägen 14,7875000.0,"[59.38001357456928, 17.8800077008718]",8500000,8.0,926.0,111.0,"Spånga Solhem, Stockholms kommun",76577.0,6.0,Såld 2022-06-16,59.0
10,Pliggvägen 2,7500000.0,"[59.2882097685, 18.011664187]",6500000,13.0,599.0,124.0,"Solberga, Stockholms kommun",52419.0,8.0,Såld 2022-06-16,124.0
11,Ivar Hallströms väg 11,12895000.0,"[59.2978445203, 17.9736842223]",16550000,28.0,610.0,164.0,"Mälarhöjden, Stockholms kommun",100915.0,7.0,Såld 2022-06-16,17.0
12,Bokvägen 1,7950000.0,"[59.4154167, 17.9572659]",7700000,3.0,689.0,154.0,"Helenelund, Sollentuna kommun",50000.0,5.0,Såld 2022-06-16,6.0
13,Enebacken 3,13950000.0,"[59.3817610642204, 18.057135417561657]",13750000,1.0,710.0,148.0,"Stocksund, Danderyds kommun",92905.0,6.0,Såld 2022-06-16,25.0
14,Nyodlingsvägen 11,9900000.0,"[59.41727883290759, 17.96305737891288]",8600000,13.0,1243.0,80.0,"Edsviken, Sollentuna kommun",107500.0,4.0,Såld 2022-06-16,102.0
15,Vivelvägen 124,6995000.0,"[59.28562, 17.978801699999998]",6995000,0.0,579.0,68.0,"Älvsjö, Stockholms kommun",102868.0,5.0,Såld 2022-06-16,68.0
16,Enebyvägen 5,8300000.0,"[59.358588768, 17.9092375606]",8250000,1.0,395.0,63.0,"Eneby, Stockholms kommun",130952.0,5.0,Såld 2022-06-15,63.0
17,Flottiljvägen 5,7900000.0,"[59.400079982, 17.8674542552]",7900000,0.0,802.0,111.0,"Barkarby, Järfälla kommun",71171.0,7.0,Såld 2022-06-15,111.0
18,Blåklocksvägen 11,8950000.0,"[59.367897, 17.8194847]",9900000,11.0,849.0,169.0,"Hässelby Södra Villastad, Stockholms kommun",58580.0,7.0,Såld 2022-06-15,20.0
19,Furuvägen 6,7495000.0,"[59.37515234343847, 17.876427573602815]",7495000,0.0,980.0,157.0,"Nälsta, Stockholms kommun",47739.0,5.0,Såld 2022-06-15,7.0
20,Ängsvägen 53,5500000.0,"[59.2556573165, 17.9790817508]",6165000,12.0,802.0,118.0,"Snättringe, Huddinge kommun",52246.0,5.0,Såld 2022-06-15,0.0
21,Kummelvägen 42,13500000.0,"[59.32857, 17.9466267]",14000000,4.0,546.0,102.0,"Bromma - Ålsten, Stockholms kommun",137255.0,6.0,Såld 2022-06-15,98.0
22,Småstuguvägen 21,4495000.0,"[59.3792534, 17.8011532]",5900000,31.0,420.0,135.0,"Hässelby södra villastad, Stockholms kommun",43704.0,5.0,Såld 2022-06-15,3.0
23,Drottningholmsvägen 556,8750000.0,"[59.33139, 17.92017]",9200000,5.0,475.0,95.0,"Bromma Nockebyhov, Stockholms kommun",96842.0,5.0,Såld 2022-06-15,49.0
24,Tegnebyvägen 50,6900000.0,"[59.3445053, 17.905344]",8015000,16.0,470.0,85.0,"Bromma - Norra Ängby, Stockholms kommun",94294.0,6.0,Såld 2022-06-15,80.0
25,Strömkarlsvägen 34,14900000.0,"[59.3198, 17.9722767]",14825000,1.0,265.0,157.0,"Bromma Smedslätten, Stockholms kommun",94427.0,7.0,Såld 2022-06-14,71.0
26,Vivelvägen 13B,8650000.0,"[59.2749329, 17.9938145]",8650000,0.0,642.0,104.0,"Älvsjö, Stockholms kommun",83173.0,5.0,Såld 2022-06-14,90.0
27,Tellusvägen 7,8495000.0,"[59.25363, 18.1814461]",8500000,0.0,1075.0,163.0,"Älta - Hedvigslund, Nacka kommun",52147.0,6.0,Såld 2022-06-14,0.0
28,Norlindsvägen 33,9950000.0,"[59.35501, 17.9141312]",10000000,1.0,662.0,124.0,"Bromma - Bromma Kyrka, Stockholms kommun",80645.0,7.0,Såld 2022-06-14,121.0
29,Rågångsvägen 17B,11995000.0,"[59.3827830836, 17.9214802968]",11995000,0.0,878.0,219.0,"Spånga - Bromsten, Stockholms kommun",54772.0,8.0,Såld 2022-06-13,82.0
30,Järpvägen 3,6500000.0,"[59.400177, 17.8616943]",6500000,0.0,837.0,103.0,"Barkarby, Järfälla kommun",63107.0,,Såld 2022-06-13,30.0
31,Långskeppsgatan 31,8150000.0,"[59.3526393891, 17.8972564076]",8150000,0.0,423.0,122.0,"Norra Ängby, Stockholms kommun",66803.0,7.0,Såld 2022-06-11,6.0
32,Tallvägen 1A,11950000.0,"[59.4156876, 17.9522781]",11300000,5.0,1134.0,210.0,"Helenelund, Sollentuna kommun",53810.0,9.0,Såld 2022-06-10,60.0
33,Saturnushöjden 3,7495000.0,"[59.38543, 17.8390923]",7495000,0.0,1402.0,140.0,"Skälby, Järfälla kommun",53536.0,6.0,Såld 2022-06-10,0.0
34,Hästhagsvägen 25B,6495000.0,"[59.435016320088025, 17.933848696294927]",6800000,5.0,8122.0,134.0,"Häggvik, Sollentuna kommun",50746.0,4.0,Såld 2022-06-10,38.0
35,Valfrid Brodds väg 42,6975000.0,"[59.3720551, 17.8118572]",7310000,5.0,665.0,124.0,"Hässelby - Södra Villastad, Stockholms kommun",58952.0,6.0,Såld 2022-06-10,42.0
36,Hagforsgatan 13,5000000.0,"[59.23694351738007, 18.089633398832955]",5000000,0.0,814.0,117.0,"Farsta, Stockholms kommun",42735.0,5.0,Såld 2022-06-10,26.0
37,Storskogsvägen 22,15500000.0,"[59.32022, 17.9559422]",15700000,1.0,422.0,116.0,"Bromma - Ålsten, Stockholms kommun",135345.0,6.0,Såld 2022-06-10,57.0
38,Hjortstigen 16,18500000.0,"[59.38101243029418, 18.064946128681285]",19500000,5.0,1133.0,246.0,"Stocksund, Danderyds kommun",79268.0,10.0,Såld 2022-06-10,150.0
39,Herserudsvägen 36,22900000.0,"[59.3585525774375, 18.12373172322619]",21200000,7.0,1193.0,189.0,"Herserud, Lidingö kommun",112169.0,7.0,Såld 2022-06-10,35.0
40,Söråkersvägen 2,9850000.0,"[59.27214314475196, 18.056906533461266]",9850000,0.0,833.0,164.0,"Enskede - Stureby, Stockholms kommun",60061.0,6.0,Såld 2022-06-10,6.0
41,Forskningsringen 25,7995000.0,"[59.38368, 17.9523621]",8800000,10.0,338.0,139.0,"Ursvik, Sundbybergs kommun",63309.0,5.0,Såld 2022-06-09,10.0
42,Åbroddsvägen 23,6995000.0,"[59.37704, 17.8242683]",6825000,2.0,987.0,143.0,"Hässelby Södra Villastad, Stockholms kommun",47727.0,6.0,Såld 2022-06-09,8.0
43,Ösmogatan 6,8390000.0,"[59.27692, 18.0717812]",9840000,17.0,604.0,87.0,"Svedmyra, Stockholms kommun",113103.0,4.0,Såld 2022-06-09,49.0
44,Flensvägen 40,7700000.0,"[59.2682730309, 18.0314328027]",8600000,12.0,765.0,65.0,"Älvsjö - Örby, Stockholms kommun",132308.0,4.0,Såld 2022-06-09,65.0
45,Gränsvägen 25B,8495000.0,"[59.2494354, 18.21026]",8500000,0.0,1423.0,170.0,"Lindalen, Tyresö kommun",50000.0,5.0,Såld 2022-06-08,0.0
46,Fallskärmsvägen 1,8495000.0,"[59.3991946731, 17.8623303061]",9250000,9.0,1055.0,140.0,"Barkarby, Järfälla kommun",66071.0,7.0,Såld 2022-06-07,151.0
47,Långbrodalsvägen 35,9750000.0,"[59.2769775, 17.996048]",10300000,6.0,768.0,153.0,"Långbro, Stockholms kommun",67320.0,6.0,Såld 2022-06-07,28.0
48,Törnes väg 18,8050000.0,"[59.23259028860639, 18.19799297990945]",8050000,0.0,1087.0,174.0,"Hanviken, Tyresö kommun",46264.0,6.0,Såld 2022-06-06,0.0
49,Sandstigen 2B,7025000.0,"[59.23776703197272, 18.20608330369951]",6950000,1.0,786.0,118.0,"Hanviken, Tyresö kommun",58898.0,7.0,Såld 2022-06-06,118.0
0.1,Markviksvägen 15,6475000.0,"[59.371685, 17.8250389]",6950000,7.0,635.0,117.0,"Hässelby Södra Villastad, Stockholms kommun",59402.0,5.0,Såld 2022-06-17,44.0
1.1,Mälarhöjdsvägen 38,9950000.0,"[59.3008766, 17.9478054]",11300000,14.0,882.0,195.0,"Mälarhöjden - Hägersten, Stockholms kommun",57949.0,5.0,Såld 2022-06-17,22.0
2.1,Häradsvägen 202,5795000.0,"[59.27202322587505, 17.954076342308372]",6200000,7.0,1224.0,90.0,"Segeltorp, Huddinge kommun",68889.0,6.0,Såld 2022-06-17,90.0
3.1,Hemmansvägen 18,11950000.0,"[59.28390406370304, 18.07625832074728]",12700000,6.0,542.0,110.0,"Gamla Enskede, Stockholms kommun",115455.0,5.0,Såld 2022-06-17,48.0
4.1,Alholmsbacken 8,7950000.0,"[59.28134, 17.9009438]",8100000,2.0,690.0,157.0,"Skärholmshöjden., Stockholms kommun",51592.0,6.0,Såld 2022-06-17,0.0
5.1,Herrgårdsvägen 13,14500000.0,"[59.2924271, 18.06412]",16400000,13.0,529.0,136.0,"Enskede Gård, Stockholms kommun",120588.0,9.0,Såld 2022-06-17,64.0
6.1,Skogsslingan 14,5300000.0,"[59.28062, 17.8804951]",4910000,7.0,688.0,140.0,"Johannesdal - Vårberg, Stockholms kommun",35071.0,6.0,Såld 2022-06-17,24.0
7.1,Brunflogatan 50,7195000.0,"[59.36239706, 17.8897221448]",7195000,0.0,588.0,114.0,"Vällingby - Råcksta Trädgårdsstad, Stockholms kommun",63114.0,7.0,Såld 2022-06-16,65.0
8.1,Knektvägen 8,6395000.0,"[59.2293115452725, 18.203405903355126]",6070000,5.0,1530.0,98.0,"Trollbäcken/Hanviken, Tyresö kommun",61939.0,5.0,Såld 2022-06-16,97.0
9.1,Vinstavägen 14,7875000.0,"[59.38001357456928, 17.8800077008718]",8500000,8.0,926.0,111.0,"Spånga Solhem, Stockholms kommun",76577.0,6.0,Såld 2022-06-16,59.0
10.1,Pliggvägen 2,7500000.0,"[59.2882097685, 18.011664187]",6500000,13.0,599.0,124.0,"Solberga, Stockholms kommun",52419.0,8.0,Såld 2022-06-16,124.0
11.1,Ivar Hallströms väg 11,12895000.0,"[59.2978445203, 17.9736842223]",16550000,28.0,610.0,164.0,"Mälarhöjden, Stockholms kommun",100915.0,7.0,Såld 2022-06-16,17.0
12.1,Bokvägen 1,7950000.0,"[59.4154167, 17.9572659]",7700000,3.0,689.0,154.0,"Helenelund, Sollentuna kommun",50000.0,5.0,Såld 2022-06-16,6.0
13.1,Enebacken 3,13950000.0,"[59.3817610642204, 18.057135417561657]",13750000,1.0,710.0,148.0,"Stocksund, Danderyds kommun",92905.0,6.0,Såld 2022-06-16,25.0
14.1,Nyodlingsvägen 11,9900000.0,"[59.41727883290759, 17.96305737891288]",8600000,13.0,1243.0,80.0,"Edsviken, Sollentuna kommun",107500.0,4.0,Såld 2022-06-16,102.0
15.1,Vivelvägen 124,6995000.0,"[59.28562, 17.978801699999998]",6995000,0.0,579.0,68.0,"Älvsjö, Stockholms kommun",102868.0,5.0,Såld 2022-06-16,68.0
16.1,Enebyvägen 5,8300000.0,"[59.358588768, 17.9092375606]",8250000,1.0,395.0,63.0,"Eneby, Stockholms kommun",130952.0,5.0,Såld 2022-06-15,63.0
17.1,Flottiljvägen 5,7900000.0,"[59.400079982, 17.8674542552]",7900000,0.0,802.0,111.0,"Barkarby, Järfälla kommun",71171.0,7.0,Såld 2022-06-15,111.0
18.1,Blåklocksvägen 11,8950000.0,"[59.367897, 17.8194847]",9900000,11.0,849.0,169.0,"Hässelby Södra Villastad, Stockholms kommun",58580.0,7.0,Såld 2022-06-15,20.0
19.1,Furuvägen 6,7495000.0,"[59.37515234343847, 17.876427573602815]",7495000,0.0,980.0,157.0,"Nälsta, Stockholms kommun",47739.0,5.0,Såld 2022-06-15,7.0
20.1,Ängsvägen 53,5500000.0,"[59.2556573165, 17.9790817508]",6165000,12.0,802.0,118.0,"Snättringe, Huddinge kommun",52246.0,5.0,Såld 2022-06-15,0.0
21.1,Kummelvägen 42,13500000.0,"[59.32857, 17.9466267]",14000000,4.0,546.0,102.0,"Bromma - Ålsten, Stockholms kommun",137255.0,6.0,Såld 2022-06-15,98.0
22.1,Småstuguvägen 21,4495000.0,"[59.3792534, 17.8011532]",5900000,31.0,420.0,135.0,"Hässelby södra villastad, Stockholms kommun",43704.0,5.0,Såld 2022-06-15,3.0
23.1,Drottningholmsvägen 556,8750000.0,"[59.33139, 17.92017]",9200000,5.0,475.0,95.0,"Bromma Nockebyhov, Stockholms kommun",96842.0,5.0,Såld 2022-06-15,49.0
24.1,Tegnebyvägen 50,6900000.0,"[59.3445053, 17.905344]",8015000,16.0,470.0,85.0,"Bromma - Norra Ängby, Stockholms kommun",94294.0,6.0,Såld 2022-06-15,80.0
25.1,Strömkarlsvägen 34,14900000.0,"[59.3198, 17.9722767]",14825000,1.0,265.0,157.0,"Bromma Smedslätten, Stockholms kommun",94427.0,7.0,Såld 2022-06-14,71.0
26.1,Vivelvägen 13B,8650000.0,"[59.2749329, 17.9938145]",8650000,0.0,642.0,104.0,"Älvsjö, Stockholms kommun",83173.0,5.0,Såld 2022-06-14,90.0
27.1,Tellusvägen 7,8495000.0,"[59.25363, 18.1814461]",8500000,0.0,1075.0,163.0,"Älta - Hedvigslund, Nacka kommun",52147.0,6.0,Såld 2022-06-14,0.0
28.1,Norlindsvägen 33,9950000.0,"[59.35501, 17.9141312]",10000000,1.0,662.0,124.0,"Bromma - Bromma Kyrka, Stockholms kommun",80645.0,7.0,Såld 2022-06-14,121.0
29.1,Rågångsvägen 17B,11995000.0,"[59.3827830836, 17.9214802968]",11995000,0.0,878.0,219.0,"Spånga - Bromsten, Stockholms kommun",54772.0,8.0,Såld 2022-06-13,82.0
30.1,Järpvägen 3,6500000.0,"[59.400177, 17.8616943]",6500000,0.0,837.0,103.0,"Barkarby, Järfälla kommun",63107.0,,Såld 2022-06-13,30.0
31.1,Långskeppsgatan 31,8150000.0,"[59.3526393891, 17.8972564076]",8150000,0.0,423.0,122.0,"Norra Ängby, Stockholms kommun",66803.0,7.0,Såld 2022-06-11,6.0
32.1,Tallvägen 1A,11950000.0,"[59.4156876, 17.9522781]",11300000,5.0,1134.0,210.0,"Helenelund, Sollentuna kommun",53810.0,9.0,Såld 2022-06-10,60.0
33.1,Saturnushöjden 3,7495000.0,"[59.38543, 17.8390923]",7495000,0.0,1402.0,140.0,"Skälby, Järfälla kommun",53536.0,6.0,Såld 2022-06-10,0.0
34.1,Hästhagsvägen 25B,6495000.0,"[59.435016320088025, 17.933848696294927]",6800000,5.0,8122.0,134.0,"Häggvik, Sollentuna kommun",50746.0,4.0,Såld 2022-06-10,38.0
35.1,Valfrid Brodds väg 42,6975000.0,"[59.3720551, 17.8118572]",7310000,5.0,665.0,124.0,"Hässelby - Södra Villastad, Stockholms kommun",58952.0,6.0,Såld 2022-06-10,42.0
36.1,Hagforsgatan 13,5000000.0,"[59.23694351738007, 18.089633398832955]",5000000,0.0,814.0,117.0,"Farsta, Stockholms kommun",42735.0,5.0,Såld 2022-06-10,26.0
37.1,Storskogsvägen 22,15500000.0,"[59.32022, 17.9559422]",15700000,1.0,422.0,116.0,"Bromma - Ålsten, Stockholms kommun",135345.0,6.0,Såld 2022-06-10,57.0
38.1,Hjortstigen 16,18500000.0,"[59.38101243029418, 18.064946128681285]",19500000,5.0,1133.0,246.0,"Stocksund, Danderyds kommun",79268.0,10.0,Såld 2022-06-10,150.0
39.1,Herserudsvägen 36,22900000.0,"[59.3585525774375, 18.12373172322619]",21200000,7.0,1193.0,189.0,"Herserud, Lidingö kommun",112169.0,7.0,Såld 2022-06-10,35.0
40.1,Söråkersvägen 2,9850000.0,"[59.27214314475196, 18.056906533461266]",9850000,0.0,833.0,164.0,"Enskede - Stureby, Stockholms kommun",60061.0,6.0,Såld 2022-06-10,6.0
41.1,Forskningsringen 25,7995000.0,"[59.38368, 17.9523621]",8800000,10.0,338.0,139.0,"Ursvik, Sundbybergs kommun",63309.0,5.0,Såld 2022-06-09,10.0
42.1,Åbroddsvägen 23,6995000.0,"[59.37704, 17.8242683]",6825000,2.0,987.0,143.0,"Hässelby Södra Villastad, Stockholms kommun",47727.0,6.0,Såld 2022-06-09,8.0
43.1,Ösmogatan 6,8390000.0,"[59.27692, 18.0717812]",9840000,17.0,604.0,87.0,"Svedmyra, Stockholms kommun",113103.0,4.0,Såld 2022-06-09,49.0
44.1,Flensvägen 40,7700000.0,"[59.2682730309, 18.0314328027]",8600000,12.0,765.0,65.0,"Älvsjö - Örby, Stockholms kommun",132308.0,4.0,Såld 2022-06-09,65.0
45.1,Gränsvägen 25B,8495000.0,"[59.2494354, 18.21026]",8500000,0.0,1423.0,170.0,"Lindalen, Tyresö kommun",50000.0,5.0,Såld 2022-06-08,0.0
46.1,Fallskärmsvägen 1,8495000.0,"[59.3991946731, 17.8623303061]",9250000,9.0,1055.0,140.0,"Barkarby, Järfälla kommun",66071.0,7.0,Såld 2022-06-07,151.0
47.1,Långbrodalsvägen 35,9750000.0,"[59.2769775, 17.996048]",10300000,6.0,768.0,153.0,"Långbro, Stockholms kommun",67320.0,6.0,Såld 2022-06-07,28.0
48.1,Törnes väg 18,8050000.0,"[59.23259028860639, 18.19799297990945]",8050000,0.0,1087.0,174.0,"Hanviken, Tyresö kommun",46264.0,6.0,Såld 2022-06-06,0.0
49.1,Sandstigen 2B,7025000.0,"[59.23776703197272, 18.20608330369951]",6950000,1.0,786.0,118.0,"Hanviken, Tyresö kommun",58898.0,7.0,Såld 2022-06-06,118.0
0.2,Vallmovägen 6,8400000.0,"[59.23011552755084, 18.14798804946524]",8400000,0.0,1720.0,141.0,"Trångsund, Huddinge kommun",59574.0,6.0,Såld 2022-06-06,0.0
1.2,Boxergränd 8,5950000.0,"[59.2631035, 18.1111526]",6250000,5.0,158.0,137.0,"Sköndal - Norra Sköndal, Stockholms kommun",45620.0,5.0,Såld 2022-06-05,0.0
2.2,Ugglemossvägen 55,9395000.0,"[59.2946179913, 17.9478334659]",10900000,16.0,813.0,129.0,"Mälarhöjden, Stockholms kommun",84496.0,6.0,Såld 2022-06-04,34.0
3.2,Trollbäcksvägen 39A,7450000.0,"[59.2374763, 18.20291]",7225000,3.0,1161.0,131.0,"Hanviken/Trollbäcken, Tyresö kommun",55153.0,5.0,Såld 2022-06-03,34.0
4.2,Torparmors väg 11,7150000.0,"[59.37648, 17.8463039]",7275000,2.0,683.0,146.0,"Vinsta, Stockholms kommun",49829.0,6.0,Såld 2022-06-03,0.0
5.2,Tallstubbsbacken 20,7975000.0,"[59.379408415090175, 17.891677899769917]",7975000,0.0,565.0,93.0,"Spånga Solhem, Stockholms kommun",85753.0,5.0,Såld 2022-06-03,91.0
6.2,Småkaksgränd 12,6995000.0,"[59.25354, 18.1082554]",10100000,44.0,665.0,136.0,"Sköndal - Kakstan, Stockholms kommun",74265.0,6.0,Såld 2022-06-03,53.0
7.2,Virvelvindsvägen 24,22000000.0,"[59.32495, 17.9434586]",22500000,2.0,693.0,209.0,"Bromma - Ålsten, Stockholms kommun",107656.0,8.0,Såld 2022-06-03,33.0
8.2,Sofiebergsvägen 40,7795000.0,"[59.2470774314, 18.0178564636]",8100000,4.0,1130.0,144.0,"Stuvsta, Huddinge kommun",56250.0,6.0,Såld 2022-06-02,84.0
9.2,Doktor Abrahams väg 67,8000000.0,"[59.3593989027, 17.9144022322]",7900000,1.0,436.0,79.0,"Eneby, Stockholms kommun",100000.0,5.0,Såld 2022-06-02,79.0
10.2,Nidarosslingan 42,6395000.0,"[59.39716311883094, 17.837429003575373]",6395000,0.0,298.0,119.0,"Skälby, Järfälla kommun",53739.0,5.0,Såld 2022-06-02,8.0
11.2,Havsörnsvägen 31,6395000.0,"[59.24685, 18.0580463]",7500000,17.0,662.0,120.0,"Fagersjö, Stockholms kommun",62500.0,4.0,Såld 2022-06-02,32.0
12.2,Markvägen 45,7475000.0,"[59.37472831887674, 17.87491609769295]",8550000,14.0,814.0,183.0,"Vällingby Nälsta, Stockholms kommun",46721.0,6.0,Såld 2022-06-02,29.0
13.2,Bovägen 4A,8450000.0,"[59.24827, 18.2117653]",9030000,7.0,1265.0,128.0,"Lindalen, Tyresö kommun",70547.0,7.0,Såld 2022-06-02,119.0
14.2,Fållnäsgatan 66,9950000.0,"[59.27287, 18.07511]",10450000,5.0,499.0,118.0,"Tallkrogen, Stockholms kommun",88559.0,6.0,Såld 2022-06-01,118.0
15.2,Hälleskåran 36,16900000.0,"[59.2980957, 17.9515266]",16900000,0.0,1175.0,187.0,"Mälarhöjden, Stockholms kommun",90374.0,7.0,Såld 2022-06-01,76.0
16.2,Maj Brings Väg 16,8495000.0,"[59.2560499409, 18.124720568]",9500000,12.0,307.0,136.0,"Sköndal, Stockholms kommun",69853.0,6.0,Såld 2022-06-01,8.0
17.2,Stackvägen 10,10950000.0,"[59.421367599999996, 17.9420147]",11300000,3.0,1266.0,166.0,"Töjnan, Sollentuna kommun",68072.0,8.0,Såld 2022-06-01,14.0
18.2,Mickelsbergsvägen 117,7950000.0,"[59.2804337, 17.962553]",8250000,4.0,798.0,105.0,"Älvsjö - Herrängen, Stockholms kommun",78571.0,6.0,Såld 2022-06-01,129.0
19.2,Trevingevägen 39,8200000.0,"[59.338474, 17.965105]",8200000,0.0,,89.0,"Ulvsunda, Stockholms kommun",92135.0,4.0,Såld 2022-05-31,10.0
20.2,Ryttmästarvägen 9,4900000.0,"[59.374855, 17.9335155]",4900000,0.0,93.0,85.0,"Rissne, Sundbybergs kommun",57647.0,3.0,Såld 2022-05-31,0.0
21.2,Storhagsvägen 45,10900000.0,"[59.27634876614599, 17.963021190492515]",12500000,15.0,700.0,142.0,"Älvsjö - Herrängen, Stockholms kommun",88028.0,8.0,Såld 2022-05-31,99.0
22.2,Storsvängen 46,17650000.0,"[59.29799719442575, 17.963246209907467]",17650000,0.0,875.0,193.0,"Mälarhöjden, Stockholms kommun",91451.0,8.0,Såld 2022-05-31,121.0
23.2,Moravägen 15,24900000.0,"[59.3245354, 17.9286327]",22000000,12.0,820.0,266.0,"Bromma Nockeby, Stockholms kommun",82707.0,10.0,Såld 2022-05-30,171.0
24.2,Pettersbergsvägen 84,15500000.0,"[59.302716882014174, 17.943748707828473]",15000000,3.0,501.0,204.0,"Mälarhöjden, Stockholms kommun",73529.0,6.0,Såld 2022-05-30,33.0
25.2,Oviksgatan 69,6795000.0,"[59.3648500258, 17.8854685043]",7250000,7.0,453.0,67.0,"Vällingby Parkstad / Råcksta, Stockholms kommun",108209.0,6.0,Såld 2022-05-29,73.0
26.2,Pilbågsvägen 4,8275000.0,"[59.37209442149051, 17.90713701028685]",8000000,3.0,726.0,142.0,"Flysta, Stockholms kommun",56338.0,9.0,Såld 2022-05-29,75.0
27.2,Stamdikesvägen 18,8975000.0,"[59.37401713643488, 17.869599726041823]",8800000,2.0,640.0,174.0,"Vällingby Nälsta, Stockholms kommun",50575.0,6.0,Såld 2022-05-29,0.0
28.2,Skogsslingan 22,6250000.0,"[59.280262, 17.878809]",5700000,9.0,752.0,166.0,"Johannesdal, Stockholms kommun",34337.0,5.0,Såld 2022-05-29,0.0
29.2,Örnsätrabacken 194 - Accepterat pris!,6700000.0,"[59.29294735842682, 17.9182924369867]",6800000,1.0,471.0,166.0,"Sätra, Stockholms kommun",40964.0,8.0,Såld 2022-05-28,0.0
30.2,Skovelvägen 21,9995000.0,"[59.28470017108495, 17.97810627377146]",11750000,18.0,716.0,140.0,"Älvsjö, Stockholms kommun",83929.0,7.0,Såld 2022-05-28,55.0
31.2,Sörgårdsvägen 76,7825000.0,"[59.3814233899, 17.8820419207]",8835000,13.0,765.0,156.0,"Spånga - Solhem, Stockholms kommun",56635.0,7.0,Såld 2022-05-27,0.0
32.2,Dalkarlsvägen 47,9450000.0,"[59.25791, 17.99963]",9000000,5.0,1288.0,142.0,"Stuvsta Segersminne, Huddinge kommun",63380.0,6.0,Såld 2022-05-27,44.0
33.2,Solrosvägen 81,9500000.0,"[59.2794717937, 17.9622936076]",9300000,2.0,1002.0,114.0,"Älvsjö/Herrängen, Stockholms kommun",81579.0,5.0,Såld 2022-05-27,48.0
34.2,Gränsvägen 34,9950000.0,"[59.24947202979157, 18.20687277644905]",12000000,21.0,1049.0,172.0,"Lindalen, Tyresö kommun",69767.0,,Såld 2022-05-27,0.0
35.2,Gråhundsvägen 212,6495000.0,"[59.2636223, 18.1166782]",6650000,2.0,286.0,195.0,"Sköndal, Stockholms kommun",34103.0,6.0,Såld 2022-05-27,44.0
36.2,Bivägen 9,7250000.0,"[59.2783466443, 17.9832225524]",7725000,7.0,1132.0,69.0,"Älvsjö/Långbro, Stockholms kommun",111957.0,4.0,Såld 2022-05-27,63.0
37.2,Lammholmsbacken 66,4495000.0,"[59.2705269, 17.8942566]",4700000,5.0,458.0,112.0,"Skärholmen, Stockholms kommun",41964.0,5.0,Såld 2022-05-27,19.0
38.2,Västermovägen 68,8650000.0,"[59.278264193074975, 18.034584503541975]",9400000,9.0,557.0,188.0,"Örby, Stockholms kommun",50000.0,8.0,Såld 2022-05-26,95.0
39.2,Vinkelvägen 5,11250000.0,"[59.28065366910818, 18.088359346834515]",12900000,15.0,353.0,104.0,"Gamla Enskede, Stockholms kommun",124038.0,4.0,Såld 2022-05-26,45.0
40.2,Björkallén 1,6795000.0,"[59.22983985049788, 18.122943440386276]",6850000,1.0,7375.0,148.0,"Fållan, Huddinge kommun",46284.0,7.0,Såld 2022-05-26,37.0
41.2,Ringvägen 33,5995000.0,"[59.235083724778406, 18.200129512557627]",6200000,3.0,494.0,112.0,"Hanviken, Tyresö kommun",55357.0,6.0,Såld 2022-05-26,0.0
42.2,Fållnäsgatan 93,9250000.0,"[59.2736337009331, 18.075373413939854]",10000000,8.0,642.0,72.0,"Svedmyra/Enskede, Stockholms kommun",138889.0,6.0,Såld 2022-05-26,68.0
43.2,Höckertsvägen 9,16750000.0,"[59.341278719, 17.8942682459]",16750000,0.0,637.0,138.0,"Södra Ängby, Stockholms kommun",121377.0,7.0,Såld 2022-05-25,70.0
44.2,Ambravägen 18,8200000.0,"[59.3562402167, 17.90551804]",8200000,0.0,151.0,115.0,"Beckomberga, Stockholms kommun",71304.0,5.0,Såld 2022-05-25,0.0
45.2,Granåsbacken 5,9475000.0,"[59.36958011848556, 17.906779139898276]",9500000,0.0,839.0,151.0,"Spånga Flysta, Stockholms kommun",62914.0,10.0,Såld 2022-05-25,95.0
46.2,Svalvägen 9,8250000.0,"[59.26927062264718, 17.9574469341855]",9500000,15.0,1252.0,131.0,"Segeltorp, Huddinge kommun",72519.0,6.0,Såld 2022-05-25,69.0
47.2,Amatörvägen 46,7495000.0,"[59.2683874168, 18.0914856939]",7595000,1.0,452.0,74.0,"Tallkrogen, Stockholms kommun",102635.0,5.0,Såld 2022-05-25,53.0
48.2,Frösövägen 25,8950000.0,"[59.2627068, 17.9758854]",9750000,9.0,1006.0,150.0,"Snättringe/Långsjön, Huddinge kommun",65000.0,5.0,Såld 2022-05-25,20.0
49.2,Lupinvägen 6,6995000.0,"[59.37217060619865, 17.830341726642597]",7800000,12.0,670.0,120.0,"Hässelby Södra Villastad, Stockholms kommun",65000.0,6.0,Såld 2022-05-25,130.0
0.3,Kårebacken 6,6750000.0,"[59.38711, 17.8945465]",8450000,25.0,669.0,141.0,"Spånga - Solhöjden, Stockholms kommun",59929.0,5.0,Såld 2022-05-25,435.0
1.3,Kaprifolvägen 22,5995000.0,"[59.3725739, 17.8313637]",6075000,1.0,716.0,139.0,"Hässelby Södra Villastad, Stockholms kommun",43705.0,5.0,Såld 2022-05-25,75.0
2.3,Solhemsbackarna 198B,7500000.0,"[59.38945, 17.8898315]",8100000,8.0,681.0,108.0,"Spånga - Solhem, Stockholms kommun",75000.0,8.0,Såld 2022-05-25,60.0
3.3,Gullvivegränd 26,5475000.0,"[59.3855171, 17.8135376]",5800000,6.0,611.0,129.0,"Hässelby - Norra Villastad, Stockholms kommun",44961.0,5.0,Såld 2022-05-25,11.0
4.3,Tryffelgränd 7,9495000.0,"[59.2775278645, 18.0893561305]",9940000,5.0,574.0,84.0,"Gamla Enskede, Stockholms kommun",118333.0,5.0,Såld 2022-05-25,43.0
5.3,Skattegränd 4B,6495000.0,"[59.3725662, 17.9291229]",6650000,2.0,663.0,119.0,"Spånga Bromsten, Stockholms kommun",55882.0,5.0,Såld 2022-05-24,0.0
6.3,Skallgångsbacken 27,9500000.0,"[59.3769836, 17.88611]",9600000,1.0,1152.0,144.0,"Solhem, Stockholms kommun",66667.0,6.0,Såld 2022-05-24,20.0
7.3,Kaprifolvägen 35,7395000.0,"[59.37371, 17.8279743]",7900000,7.0,652.0,196.0,"Hässelby Södra Villastad, Stockholms kommun",40306.0,7.0,Såld 2022-05-24,22.0
8.3,Berghamnsbrinken 1,8975000.0,"[59.3731956, 17.810003299999998]",9750000,9.0,877.0,149.0,"Hässelby Södra Villastad, Stockholms kommun",65436.0,8.0,Såld 2022-05-24,149.0
9.3,Hjortsbergsvägen 56,9495000.0,"[59.30345, 17.97035]",11750000,24.0,887.0,108.0,"Hägersten, Stockholms kommun",108796.0,4.0,Såld 2022-05-24,77.0
10.3,Skälbyvägen 4 /  Fasanvägen 1,5195000.0,"[59.4026947, 17.8633633]",6800000,31.0,1237.0,90.0,"Barkarby, Järfälla kommun",75556.0,5.0,Såld 2022-05-23,90.0
11.3,Bultvägen 38,9995000.0,"[59.2929039, 17.9931736]",10500000,5.0,555.0,66.0,"Hökmossen/Telefonplan, Stockholms kommun",159091.0,5.0,Såld 2022-05-21,83.0
12.3,Mälsåkersvägen 10,10750000.0,"[59.28153458944504, 18.027666990358988]",12975000,21.0,1295.0,276.0,"Älvsjö - Örby slott, Stockholms kommun",47011.0,8.0,Såld 2022-05-21,70.0
13.3,Sandviksvägen 97,4795000.0,"[59.37342, 17.81561]",5300000,11.0,601.0,103.0,"Hässelby Södra Villastad, Stockholms kommun",51456.0,4.0,Såld 2022-05-20,0.0
14.3,Småstuguvägen 2,5950000.0,"[59.3798141, 17.80274]",6100000,3.0,364.0,135.0,"Hässelby Södra Villastad, Stockholms kommun",45185.0,7.0,Såld 2022-05-20,67.0
15.3,Urbergsvägen 5,5995000.0,"[59.255860297720524, 17.984338681746266]",6045000,1.0,1059.0,83.0,"Centrala Stuvsta, Huddinge kommun",72831.0,4.0,Såld 2022-05-20,80.0
16.3,Lievägen 25,8495000.0,"[59.28328489564152, 17.986535013273475]",10170000,20.0,749.0,101.0,"Älvsjö - Långbro, Stockholms kommun",100693.0,4.0,Såld 2022-05-20,41.0
17.3,Fiskarfjärdsstranden 11,6990000.0,"[59.28148, 17.8759975]",7600000,9.0,1034.0,145.0,"Johannesdal, Stockholms kommun",52414.0,6.0,Såld 2022-05-19,15.0
18.3,Amaryllisvägen 9A,6495000.0,"[59.2441059917717, 18.200814281328526]",7450000,15.0,1797.0,293.0,"Lindalen, Tyresö kommun",25427.0,10.0,Såld 2022-05-19,0.0
19.3,Segersminnevägen 21A,8695000.0,"[59.25509421646787, 18.00313649409909]",9000000,4.0,707.0,205.0,"Huddinge - Stuvsta, Huddinge kommun",43902.0,7.0,Såld 2022-05-19,21.0
20.3,Örhängevägen 22,8000000.0,"[59.287674244752296, 17.988781584909045]",8000000,0.0,577.0,69.0,"Hägersten, Stockholms kommun",115942.0,6.0,Såld 2022-05-19,69.0
21.3,Rågångsvägen 18A,10950000.0,"[59.3833656, 17.9223022]",10300000,6.0,601.0,200.0,"Spånga Bromsten, Stockholms kommun",51500.0,12.0,Såld 2022-05-19,100.0
22.3,Tolvmansvägen 10,9250000.0,"[59.2592127495, 17.9931102475]",10450000,13.0,1330.0,170.0,"Stuvsta, Huddinge kommun",61471.0,5.0,Såld 2022-05-19,44.0
23.3,Krokvägen 64,15450000.0,"[59.2786934, 18.0901566]",17350000,12.0,512.0,143.0,"Gamla Enskede, Stockholms kommun",121329.0,6.0,Såld 2022-05-19,84.0
24.3,Ferievägen 65,28000000.0,"[59.333918401484304, 17.90198898730376]",25000000,11.0,774.0,375.0,"Bromma, Stockholms kommun",66667.0,11.0,Såld 2022-05-19,24.0
25.3,Sjöhällsstigen 15,9975000.0,"[59.3684794985, 17.8119868078]",9975000,0.0,915.0,195.0,"Hässelby Södra Villastad, Stockholms kommun",51154.0,8.0,Såld 2022-05-18,35.0
26.3,Lammholmsbacken 115,4490000.0,"[59.2685051, 17.8941288]",4800000,7.0,420.0,113.0,"Skärholmen, Stockholms kommun",42478.0,5.0,Såld 2022-05-18,19.0
27.3,Ramsundsvägen 6,9950000.0,"[59.3536644, 17.8984833]",10000000,1.0,482.0,100.0,"Bromma - Norra Ängby, Stockholms kommun",100000.0,7.0,Såld 2022-05-18,107.0
28.3,Nåsvägen 32,21500000.0,"[59.3254166, 17.9254189]",21700000,1.0,564.0,173.0,"Bromma - Nockeby, Stockholms kommun",125434.0,7.0,Såld 2022-05-18,81.0
29.3,Stjärnvägen 9B,7495000.0,"[59.234817669806446, 18.206367489276438]",8500000,13.0,904.0,153.0,"Hanviken, Tyresö kommun",55556.0,7.0,Såld 2022-05-18,0.0
30.3,Blåsippsdalen 18,8495000.0,"[59.233069218589215, 18.146440097801836]",9850000,16.0,10057.0,194.0,"Sjöängen/Trångsund, Huddinge kommun",50773.0,7.0,Såld 2022-05-18,0.0
31.3,Lillskogsvägen 3,6950000.0,"[59.2575722, 17.9957924]",7100000,2.0,602.0,112.0,"Stuvsta, Huddinge kommun",63393.0,6.0,Såld 2022-05-18,112.0
32.3,Konvaljebacken 4B,7875000.0,"[59.23450769191731, 18.15361056962073]",8000000,2.0,1267.0,180.0,"Trångsund, Huddinge kommun",44444.0,5.0,Såld 2022-05-18,5.0
33.3,Strids väg 4,6995000.0,"[59.2392088497, 18.0380077128]",8765000,25.0,1569.0,153.0,"Högmora, Huddinge kommun",57288.0,6.0,Såld 2022-05-17,0.0
34.3,Vretvägen 13,5795000.0,"[59.22505189243423, 18.203106211642318]",5900000,2.0,1714.0,97.0,"Trollbäcken, Tyresö kommun",60825.0,8.0,Såld 2022-05-17,98.0
35.3,Fasanvägen 11B,9975000.0,"[59.266311911284205, 17.955492955763294]",10900000,9.0,1015.0,171.0,"Segeltorp, Huddinge kommun",63743.0,6.0,Såld 2022-05-17,4.0
36.3,Viktoriavägen 8A,12250000.0,"[59.2762976354, 17.9961359333]",15200000,24.0,823.0,185.0,"Älvsjö/Långbro, Stockholms kommun",82162.0,8.0,Såld 2022-05-16,60.0
37.3,Parkvägen 28,6795000.0,"[59.2238731, 18.1871338]",7000000,3.0,579.0,145.0,"Fornudden-Persudde, Tyresö kommun",48276.0,6.0,Såld 2022-05-16,0.0
38.3,Sandviksvägen 14,5775000.0,"[59.36811822165159, 17.822508106108636]",5775000,0.0,662.0,117.0,"Hässelby Södra Villastad, Stockholms kommun",49359.0,4.0,Såld 2022-05-16,0.0
39.3,Ugglemossvägen 32,15000000.0,"[59.2990049329, 17.9485470601]",15000000,0.0,978.0,115.0,"Mälarhöjden, Stockholms kommun",130435.0,5.0,Såld 2022-05-14,50.0
40.3,Mickelsbersbergsvägen 256,10600000.0,"[59.27756347575546, 17.95453373894499]",10600000,0.0,830.0,125.0,"Herrängen - Segeltorp, Huddinge kommun",84800.0,6.0,Såld 2022-05-14,125.0
41.3,Sidensvansvägen 5,7850000.0,"[59.27459, 17.975113]",8900000,13.0,585.0,70.0,"Älvsjö/Herrängen, Stockholms kommun",127143.0,5.0,Såld 2022-05-13,70.0
42.3,Malmvägen 12B,7695000.0,"[59.24859372780327, 18.206774419963434]",8670000,13.0,1299.0,131.0,"Lindalen, Tyresö kommun",66183.0,5.0,Såld 2022-05-13,38.0
43.3,Tjädervägen 32,21900000.0,"[59.3246841, 17.9484825]",21100000,4.0,706.0,158.0,"Bromma - Ålsten, Stockholms kommun",133544.0,7.0,Såld 2022-05-13,79.0
44.3,Ollonborrestigen 3,10750000.0,"[59.26665698, 17.9837563683]",11825000,10.0,970.0,164.0,"Älvsjö/Långsjö, Stockholms kommun",72104.0,8.0,Såld 2022-05-13,60.0
45.3,Älta Strandväg 56,10995000.0,"[59.2683258, 18.1686783]",11025000,0.0,944.0,198.0,"Kolarängen - Älta Strandväg, Nacka kommun",55682.0,6.0,Såld 2022-05-13,12.0
46.3,Odonbacken 15,7875000.0,"[59.23072634341232, 18.15685609635108]",9025000,15.0,12444.0,158.0,"Sjöängen/Trångsund, Huddinge kommun",57120.0,7.0,Såld 2022-05-13,24.0
47.3,Björnmossvägen 8,9495000.0,"[59.26238, 18.18663]",11550000,22.0,761.0,157.0,"Centrala Älta, Nacka kommun",73567.0,7.0,Såld 2022-05-13,55.0
48.3,Orrspelsvägen 2B,22950000.0,"[59.37991405581464, 18.05891165364015]",24000000,5.0,730.0,200.0,"Stocksund, Danderyds kommun",120000.0,8.0,Såld 2022-05-13,35.0
49.3,Herserudsvägen 75,21750000.0,"[59.35737450616577, 18.13349751924691]",20000000,8.0,1502.0,265.0,"Herserud, Lidingö kommun",75472.0,8.0,Såld 2022-05-13,85.0
0.4,Islandsvägen 30,8495000.0,"[59.3480126153, 17.8926886001]",8400000,1.0,426.0,78.0,"Norra Ängby, Stockholms kommun",107692.0,6.0,Såld 2022-05-12,78.0
1.4,Limonitvägen 27,8800000.0,"[59.3581028406, 17.9072555895]",8800000,0.0,208.0,122.0,"Beckomberga, Stockholms kommun",72131.0,5.0,Såld 2022-05-12,0.0
2.4,Murgrönsvägen 29,6195000.0,"[59.276628544346885, 17.96710841936087]",7150000,15.0,594.0,110.0,"Herrängen, Stockholms kommun",65000.0,4.0,Såld 2022-05-12,25.0
3.4,Österskogsstigen 1,8795000.0,"[59.246395726518976, 18.015129670450936]",10800000,23.0,1117.0,133.0,"Stuvsta, Huddinge kommun",81203.0,8.0,Såld 2022-05-12,60.0
4.4,Nybyggarvägen 8,8250000.0,"[59.2483965126745, 18.01685384629669]",9500000,15.0,1198.0,115.0,"Stensängen, Huddinge kommun",82609.0,7.0,Såld 2022-05-12,50.0
5.4,Skogsvägen 37,15250000.0,"[59.2791707120075, 18.088707843512797]",16150000,6.0,749.0,134.0,"Gamla Enskede, Stockholms kommun",120522.0,6.0,Såld 2022-05-12,56.0
6.4,Pirogvägen 13,7195000.0,"[59.25376164854126, 18.104846973091956]",7880000,10.0,552.0,84.0,"Sköndal, Stockholms kommun",93810.0,6.0,Såld 2022-05-12,84.0
7.4,Nysätravägen 40B,15750000.0,"[59.30212, 18.1362286]",15750000,0.0,881.0,86.0,"Nysätra, Nacka kommun",183140.0,5.0,Såld 2022-05-12,84.0
8.4,Lupinvägen 1,6450000.0,"[59.37117, 17.83115]",6500000,1.0,643.0,182.0,"Hässelby Södra Villastad, Stockholms kommun",35714.0,,Såld 2022-05-12,24.0
9.4,Munksundsgatan 2,15495000.0,"[59.2792997371, 18.0588633381]",14750000,5.0,928.0,127.0,"Stureby, Stockholms kommun",116142.0,7.0,Såld 2022-05-12,82.0
10.4,Flystaslingan 22,6550000.0,"[59.36853, 17.898183799999998]",6550000,0.0,903.0,106.0,"Spånga Flysta, Stockholms kommun",61792.0,5.0,Såld 2022-05-12,100.0
11.4,Stackvägen 32b,9950000.0,"[59.4230992435, 17.9340171605]",10000000,1.0,976.0,124.0,"Töjnan, Sollentuna kommun",80645.0,8.0,Såld 2022-05-12,124.0
12.4,Trädgårdsvägen 21,7900000.0,"[59.42631, 17.9265881]",7700000,3.0,1302.0,106.0,"Töjnan, Sollentuna kommun",72642.0,6.0,Såld 2022-05-12,78.0
13.4,Poppelvägen 5,8650000.0,"[59.3963623, 17.8665428]",9200000,6.0,838.0,183.0,"Barkarby, Järfälla kommun",50273.0,5.0,Såld 2022-05-12,7.0
14.4,Barnhemsvägen 104,5495000.0,"[59.3827203752935, 17.8116935643947]",6445000,17.0,632.0,168.0,"Hässelby - Backlura, Stockholms kommun",38363.0,5.0,Såld 2022-05-12,0.0
15.4,Arrendevägen 48,8495000.0,"[59.384285, 17.9477959]",9275000,9.0,344.0,139.0,"Ursvik, Sundbybergs kommun",66727.0,5.0,Såld 2022-05-11,0.0
16.4,Björkvägen 5,11950000.0,"[59.41675, 17.9539452]",14500000,21.0,1596.0,160.0,"Helenelund, Sollentuna kommun",90625.0,8.0,Såld 2022-05-11,77.0
17.4,Duvvägen 3,7975000.0,"[59.2661972, 17.9566574]",8300000,4.0,972.0,170.0,"Segeltorp, Huddinge kommun",48824.0,5.0,Såld 2022-05-11,19.0
18.4,Björkallén 10A,8975000.0,"[59.22978260958082, 18.120350033043486]",9200000,3.0,806.0,150.0,"Trångsund, Huddinge kommun",61333.0,6.0,Såld 2022-05-11,0.0
19.4,Rymdvägen 13,3695000.0,"[59.3821869, 17.8334122]",3500000,5.0,200.0,92.0,"Skälby, Järfälla kommun",38043.0,4.0,Såld 2022-05-11,0.0
20.4,Vivstavarvsvägen 224,17750000.0,"[59.2803268, 18.0528183]",22250000,25.0,1003.0,304.0,"Stureby, Stockholms kommun",73191.0,7.0,Såld 2022-05-11,106.0
21.4,Alstersvägen 25,13450000.0,"[59.33533, 17.9216557]",13500000,0.0,497.0,82.0,"Bromma Nockebyhov, Stockholms kommun",164634.0,8.0,Såld 2022-05-11,63.0
22.4,Vretvägen 6A,15000000.0,"[59.3544079445, 17.9123650159]",15000000,0.0,736.0,159.0,"Bromma Kyrka, Stockholms kommun",94340.0,7.0,Såld 2022-05-10,94.0
23.4,Ältavägen 199,6995000.0,"[59.2591, 18.1847763]",7150000,2.0,1452.0,104.0,"Älta - Älta Gård, Nacka kommun",68750.0,8.0,Såld 2022-05-10,100.0
24.4,Ripsavägen 3A,10495000.0,"[59.269835245993896, 18.02543233376091]",14800000,41.0,870.0,266.0,"Örby - Älvsjö, Stockholms kommun",55639.0,8.0,Såld 2022-05-10,43.0
25.4,Gustaf Lundbergs väg 7,20500000.0,"[59.33912277858042, 17.89828204416382]",26000000,27.0,637.0,197.0,"Södra Ängby, Stockholms kommun",131980.0,11.0,Såld 2022-05-10,96.0
26.4,Aspvägen 11,13000000.0,"[59.3933741993, 17.8643009467]",14700000,13.0,2276.0,713.0,"Skälby, Järfälla kommun",20617.0,10.0,Såld 2022-05-09,0.0
27.4,Mörkövägen 50,7250000.0,"[59.27158, 18.0777931]",6950000,4.0,599.0,69.0,"Tallkrogen, Stockholms kommun",100725.0,4.0,Såld 2022-05-09,67.0
28.4,Skrattmåsvägen 17,5250000.0,"[59.2503052, 18.0504456]",6450000,23.0,341.0,118.0,"Fagersjö, Stockholms kommun",54661.0,5.0,Såld 2022-05-09,12.0
29.4,Penningvägen 5A,8495000.0,"[59.393137907736836, 17.855202954118795]",8550000,1.0,717.0,173.0,"Skälby, Järfälla kommun",49422.0,5.0,Såld 2022-05-08,53.0
30.4,Frans Hedbergsvägen 8,12695000.0,"[59.3002355234, 17.9734559838]",15450000,22.0,611.0,170.0,"Mälarhöjden, Stockholms kommun",90882.0,10.0,Såld 2022-05-07,50.0
31.4,Tistelvägen 24C,8800000.0,"[59.4307556, 17.9353447]",9100000,3.0,800.0,153.0,"Tureberg, Sollentuna kommun",59477.0,7.0,Såld 2022-05-07,32.0
32.4,Vinstavägen 69,7775000.0,"[59.375164, 17.8720837]",7350000,5.0,694.0,141.0,"Vällingby - Nälsta, Stockholms kommun",52128.0,6.0,Såld 2022-05-07,101.0
33.4,Arbrågatan 3,9950000.0,"[59.3694572, 17.869976]",11200000,13.0,797.0,130.0,"Vällingbyhöjden, Stockholms kommun",86154.0,5.0,Såld 2022-05-07,81.0
34.4,Årdalavägen 132,7250000.0,"[59.27227070252709, 18.036456092989933]",8000000,10.0,511.0,114.0,"Örby, Stockholms kommun",70175.0,5.0,Såld 2022-05-06,54.0
35.4,Björkhagsvägen 29,16500000.0,"[59.3709869, 17.95167]",20500000,24.0,823.0,196.0,"Duvbo, Sundbybergs kommun",104592.0,8.0,Såld 2022-05-06,133.0
36.4,Inspektorsbacken 40,7175000.0,"[59.37387821666183, 17.87687426203048]",8350000,16.0,595.0,112.0,"Vällingby Nälsta, Stockholms kommun",74554.0,5.0,Såld 2022-05-06,62.0
37.4,Kälvestavägen 113,9275000.0,"[59.384516481104335, 17.884631073201433]",10025000,8.0,975.0,172.0,"Spånga Solhem, Stockholms kommun",58285.0,9.0,Såld 2022-05-06,67.0
38.4,Egilsvägen 9,13900000.0,"[59.3448753, 17.91574]",16000000,15.0,447.0,142.0,"Bromma - Norra Ängby, Stockholms kommun",112676.0,8.0,Såld 2022-05-06,70.0
39.4,Lemmings väg 67,5995000.0,"[59.2638342139, 18.0972161569]",6600000,10.0,538.0,69.0,"Gubbängen - Enskede, Stockholms kommun",95652.0,5.0,Såld 2022-05-06,69.0
40.4,Ångermannagatan 69,6795000.0,"[59.3625145, 17.8856468]",7430000,9.0,539.0,65.0,"Vällingby - Råcksta, Stockholms kommun",114308.0,5.0,Såld 2022-05-06,65.0
41.4,Vivelvägen 135,7200000.0,"[59.28548000410326, 17.978545013561284]",7200000,0.0,675.0,77.0,"Älvsjö, Stockholms kommun",93506.0,5.0,Såld 2022-05-05,77.0
42.4,Trollsländevägen 5,6995000.0,"[59.2834343706, 17.9823684583]",7275000,4.0,645.0,68.0,"Älvsjö/Långbro, Stockholms kommun",106985.0,5.0,Såld 2022-05-05,68.0
43.4,Carl Larssons väg 55,11900000.0,"[59.3429832, 17.89115]",13270000,12.0,547.0,79.0,"Bromma Södra Ängby, Stockholms kommun",167975.0,8.0,Såld 2022-05-05,79.0
44.4,Skogsbrynsvägen 8,8950000.0,"[59.25401982339211, 18.00561072283915]",11050000,23.0,1076.0,182.0,"Huddinge - Stuvsta, Huddinge kommun",60714.0,6.0,Såld 2022-05-05,50.0
45.4,Skalkvägen 2,6995000.0,"[59.25782, 18.106182]",6800000,3.0,647.0,66.0,"Sköndal, Stockholms kommun",103030.0,5.0,Såld 2022-05-04,79.0
46.4,Västerled 166,10850000.0,"[59.329204674, 17.9426713521]",10850000,0.0,573.0,129.0,"Olovslund, Stockholms kommun",84109.0,6.0,Såld 2022-05-04,29.0
47.4,Gråbergsvägen 21,5750000.0,"[59.2534272936, 17.9863945383]",7450000,30.0,1058.0,80.0,"Stuvsta, Huddinge kommun",93125.0,5.0,Såld 2022-05-04,80.0
48.4,Lillängsgatan 48,11500000.0,"[59.35692, 17.9277744]",11000000,4.0,973.0,122.0,"Bromma Kyrka, Stockholms kommun",90164.0,8.0,Såld 2022-05-04,100.0
49.4,Skattetorpsvägen 13,8550000.0,"[59.38498, 17.9504719]",9800000,15.0,396.0,150.0,"Stora Ursvik, Sundbybergs kommun",65333.0,5.0,Såld 2022-05-04,0.0
0.5,Aspvägen 12B,8900000.0,"[59.41437004487267, 17.94719243827858]",8900000,0.0,1399.0,159.0,"Helenelund/Fågelsången, Sollentuna kommun",55975.0,6.0,Såld 2022-05-04,16.0
1.5,Fiskebyvägen 14,9900000.0,"[59.26984373988619, 18.06335373523028]",11700000,18.0,1124.0,121.0,"Enskede - Stureby, Stockholms kommun",96694.0,5.0,Såld 2022-05-04,37.0
2.5,Pastorsvägen 3,11000000.0,"[59.35929233157079, 17.948104459392432]",11200000,2.0,661.0,130.0,"Mariehäll, Stockholms kommun",86154.0,7.0,Såld 2022-05-04,66.0
3.5,Blåklocksvägen 15,4995000.0,"[59.3677921421, 17.8191822371]",4900000,2.0,776.0,,"Hässelby Södra Villastad, Stockholms kommun",,,Såld 2022-05-03,0.0
4.5,Tjädervägen 14,11500000.0,"[59.2676659, 17.9547672]",11500000,0.0,1470.0,185.0,"Segeltorp/Långsjön, Huddinge kommun",62162.0,5.0,Såld 2022-05-03,57.0
5.5,Alholmsbacken 1,4970000.0,"[59.28117, 17.89982]",5700000,15.0,583.0,150.0,"Skärholmen, Stockholms kommun",38000.0,6.0,Såld 2022-05-03,93.0
6.5,Logvägen 14,9150000.0,"[59.37464, 17.9055786]",10550000,15.0,1311.0,162.0,"Spånga, Stockholms kommun",65123.0,7.0,Såld 2022-05-03,30.0
7.5,Kulstötarvägen 54,7950000.0,"[59.26819269606366, 18.092872400602413]",8250000,4.0,499.0,67.0,"Tallkrogen, Stockholms kommun",123134.0,6.0,Såld 2022-05-03,43.0
8.5,Sandemarsvägen 15,8500000.0,"[59.27012290317611, 18.080302229702074]",9300000,9.0,514.0,66.0,"Tallkrogen, Stockholms kommun",140909.0,5.0,Såld 2022-05-02,94.0
9.5,Norra vägen 1,6490000.0,"[59.38486, 17.9217033]",6680000,3.0,902.0,83.0,"Spånga - Bromsten, Stockholms kommun",80482.0,6.0,Såld 2022-05-01,84.0
10.5,Stafettvägen 10,7395000.0,"[59.264454059948115, 18.094393826859324]",8375000,13.0,496.0,68.0,"Enskede - Tallkrogen, Stockholms kommun",123162.0,5.0,Såld 2022-05-01,64.0
11.5,Rapphönsvägen 33,10495000.0,"[59.2725204666, 18.0847028907]",10650000,1.0,468.0,90.0,"Tallkrogen, Stockholms kommun",118333.0,7.0,Såld 2022-04-30,83.0
12.5,Solrosvägen 80,9500000.0,"[59.2795268447, 17.9634276824]",11200000,18.0,903.0,102.0,"Älvsjö/Herrängen, Stockholms kommun",109804.0,5.0,Såld 2022-04-30,103.0
13.5,Tröskverksvägen 7,6495000.0,"[59.2806168, 17.99884]",7060000,9.0,648.0,68.0,"Älvsjö, Stockholms kommun",103824.0,3.0,Såld 2022-04-29,100.0
14.5,Virginiavägen 7,11700000.0,"[59.2972565, 17.9681568]",12600000,8.0,787.0,130.0,"Mälarhöjden, Stockholms kommun",96923.0,7.0,Såld 2022-04-29,34.0
15.5,Gränsvägen 53,8475000.0,"[59.24867, 18.2057114]",8300000,2.0,872.0,195.0,"Lindalen, Tyresö kommun",42564.0,7.0,Såld 2022-04-29,25.0
16.5,Torvmossevägen 6,11995000.0,"[59.26621, 18.17894]",14000000,17.0,1117.0,180.0,"Älta - Kolarängen, Nacka kommun",77778.0,7.0,Såld 2022-04-29,75.0
17.5,Frösövägen 21,5950000.0,"[59.2623138, 17.97635]",6650000,12.0,1002.0,68.0,"Snättringe, Huddinge kommun",97794.0,5.0,Såld 2022-04-29,63.0
18.5,Alströmervägen 4B,9500000.0,"[59.4187102755, 17.9444718361]",9700000,2.0,9443.0,137.0,"Fågelsången, Sollentuna kommun",70803.0,7.0,Såld 2022-04-28,60.0
19.5,Lappstigen 16,8995000.0,"[59.3784133059, 17.7980965317]",9900000,10.0,911.0,112.0,"Hässelby Södra Villastad, Stockholms kommun",88393.0,6.0,Såld 2022-04-28,80.0
20.5,Persuddevägen 24,9995000.0,"[59.2272644, 18.186285]",10200000,2.0,1082.0,250.0,"Fornudden-Persudde, Tyresö kommun",40800.0,8.0,Såld 2022-04-28,146.0
21.5,Ripvägen 13,7490000.0,"[59.3999062, 17.8588676]",9150000,22.0,705.0,152.0,"Barkarby, Järfälla kommun",60197.0,7.0,Såld 2022-04-28,0.0
22.5,Tjädervägen 36B,7900000.0,"[59.2680439, 17.9462037]",8525000,8.0,1420.0,143.0,"Segeltorp, Huddinge kommun",59615.0,6.0,Såld 2022-04-28,0.0
23.5,Bägerstavägen 34,17000000.0,"[59.29083835917259, 18.067753758950875]",17000000,0.0,690.0,175.0,"Enskede Gård, Stockholms kommun",97143.0,7.0,Såld 2022-04-28,85.0
24.5,Sandstensvägen 31,13500000.0,"[59.32787, 17.9473152]",13900000,3.0,510.0,90.0,"Bromma - Ålsten, Stockholms kommun",154444.0,6.0,Såld 2022-04-28,88.0
25.5,Berghamnsvägen 53,11995000.0,"[59.37346239592305, 17.81121208088418]",11850000,1.0,836.0,232.0,"Hässelby Södra Villastad, Stockholms kommun",51078.0,8.0,Såld 2022-04-28,55.0
26.5,Lyrvägen 1A,7495000.0,"[59.24556, 18.2016926]",8575000,14.0,967.0,210.0,"Lindalen, Tyresö kommun",40833.0,7.0,Såld 2022-04-28,29.0
27.5,Blåklintsvägen 20A,6450000.0,"[59.2305745769873, 18.14435666159498]",6970000,8.0,1140.0,135.0,"Trångsund , Huddinge kommun",51630.0,5.0,Såld 2022-04-28,4.0
28.5,Ultunavägen 32,12995000.0,"[59.3452581639584, 17.9029659204418]",13400000,3.0,484.0,108.0,"Norra Ängby, Stockholms kommun",124074.0,6.0,Såld 2022-04-28,55.0
29.5,Edelcrantzvägen 17,11500000.0,"[59.3007115492, 17.975432498700002]",16500000,43.0,628.0,160.0,"Mälarhöjden, Stockholms kommun",103125.0,6.0,Såld 2022-04-27,28.0
30.5,Skovelvägen 18,6995000.0,"[59.2850761, 17.9781017]",8400000,20.0,671.0,105.0,"Älvsjö - Långbro, Stockholms kommun",80000.0,7.0,Såld 2022-04-27,68.0
31.5,Järflottavägen 32,7800000.0,"[59.265235890153, 18.02784510835353]",7800000,0.0,661.0,99.0,"Örby, Stockholms kommun",78788.0,6.0,Såld 2022-04-27,90.0
32.5,Bullerholmsgränd 79,5990000.0,"[59.27992, 17.890705099999998]",6500000,9.0,205.0,138.0,"Skärholmen, Stockholms kommun",47101.0,8.0,Såld 2022-04-27,60.0
33.5,Dvärglinsgränd 21,6475000.0,"[59.39174, 17.8238049]",7000000,8.0,469.0,138.0,"Hässelby Norra Villastad, Stockholms kommun",50725.0,5.0,Såld 2022-04-27,0.0
34.5,Hyltevägen 4,12500000.0,"[59.27550605906808, 18.0549080666674]",15000000,20.0,600.0,140.0,"Enskede - Stureby, Stockholms kommun",107143.0,6.0,Såld 2022-04-27,70.0
35.5,Prylvägen 12,9495000.0,"[59.2972032533, 17.9967475274]",10500000,11.0,694.0,101.0,"Telefonplan, Stockholms kommun",103960.0,5.0,Såld 2022-04-26,48.0
36.5,Duvvägen 6,6475000.0,"[59.2662277, 17.95601]",7400000,14.0,868.0,72.0,"Segeltorp, Huddinge kommun",102778.0,5.0,Såld 2022-04-26,72.0
37.5,Hackspettsvägen 17,18900000.0,"[59.3195343, 17.9494362]",20000000,6.0,773.0,176.0,"Bromma Ålsten, Stockholms kommun",113636.0,9.0,Såld 2022-04-26,53.0
38.5,Sparreholmsvägen 4,7795000.0,"[59.2832031, 18.03568]",8800000,13.0,966.0,100.0,"Älvsjö - Örby Slott, Stockholms kommun",88000.0,6.0,Såld 2022-04-26,100.0
39.5,Kulstötarvägen 29,7750000.0,"[59.269605065294044, 18.0912976845995]",8700000,12.0,526.0,83.0,"Enskede - Tallkrogen, Stockholms kommun",104819.0,7.0,Såld 2022-04-26,79.0
40.5,Sagostigen 6,16500000.0,"[59.3265762, 17.9687481]",21000000,27.0,824.0,162.0,"Bromma Äppelviken-Ålsten, Stockholms kommun",129630.0,7.0,Såld 2022-04-25,127.0
41.5,Lönnvägen 9,9895000.0,"[59.25072, 18.1820831]",11100000,12.0,962.0,175.0,"Älta, Nacka kommun",63429.0,7.0,Såld 2022-04-25,0.0
42.5,Nibblenäsvägen 12,4995000.0,"[59.3715744, 17.7694225]",5250000,5.0,3096.0,112.0,"Färingsö, Svartsjö, Ekerö kommun",46875.0,5.0,Såld 2022-04-24,0.0
43.5,Furuvägen 3,10000000.0,"[59.37456013585417, 17.876430221718604]",10500000,5.0,658.0,194.0,"Vällingby Nälsta, Stockholms kommun",54124.0,10.0,Såld 2022-04-23,112.0
44.5,Viadukten 8,8450000.0,"[59.3795128, 17.8105717]",9000000,7.0,662.0,215.0,"Hässelby Södra Villastad, Stockholms kommun",41860.0,7.0,Såld 2022-04-23,36.0
45.5,Österby 5,8475000.0,"[59.3712269486, 17.7706647318]",10525000,24.0,4417.0,120.0,"Färingsö, Ekerö kommun",87708.0,4.0,Såld 2022-04-22,0.0
46.5,Hemsövägen 9,8450000.0,"[59.3347321, 17.9241543]",8700000,3.0,557.0,71.0,"Bromma Nockebyhov, Stockholms kommun",122535.0,3.0,Såld 2022-04-21,37.0
47.5,Gullvivegränd 36,5475000.0,"[59.3852768, 17.8145237]",5650000,3.0,788.0,121.0,"Hässelby - Norra Villastad, Stockholms kommun",46694.0,4.0,Såld 2022-04-21,19.0
48.5,Herrhagsvägen 91,7000000.0,"[59.268858236225356, 18.077617929061613]",7000000,0.0,506.0,65.0,"Enskede, Stockholms kommun",107692.0,4.0,Såld 2022-04-20,65.0
49.5,Vävarevägen 8B,6495000.0,"[59.2813061380361, 17.9339212435709]",7520000,16.0,746.0,160.0,"Segeltorp, Huddinge kommun",47000.0,6.0,Såld 2022-04-20,0.0
0.6,Selångergränd 4,6600000.0,"[59.360054, 17.8881168]",6600000,0.0,526.0,68.0,"Vällingby - Råcksta, Stockholms kommun",97059.0,6.0,Såld 2022-04-19,67.0
1.6,Brunkullegränd 24,6995000.0,"[59.3824806525718, 17.8430118899805]",7050000,1.0,702.0,142.0,"Kälvesta, Stockholms kommun",49648.0,7.0,Såld 2022-04-19,56.0
2.6,Vikavägen 15,28500000.0,"[59.32079, 17.9391327]",28300000,1.0,646.0,239.0,"Bromma - Höglandet, Stockholms kommun",118410.0,8.0,Såld 2022-04-17,20.0
3.6,Presidentvägen 21,13995000.0,"[59.2764959465, 18.1152958858]",14200000,1.0,686.0,161.0,"Enskededalen, Stockholms kommun",88199.0,7.0,Såld 2022-04-14,17.0
4.6,Täbylundsvägen 74,6495000.0,"[59.3713455, 17.8971138]",7200000,11.0,1247.0,103.0,"Spånga Flysta, Stockholms kommun",69903.0,4.0,Såld 2022-04-14,57.0
5.6,Dybecksvägen 61,9500000.0,"[59.344856300000004, 17.9053249]",10200000,7.0,465.0,66.0,"Norra Ängby, Stockholms kommun",154545.0,6.0,Såld 2022-04-14,86.0
6.6,Ljungvägen 7B,7600000.0,"[59.41108, 17.9541454]",7680000,1.0,1527.0,153.0,"Helenelund, Sollentuna kommun",50196.0,6.0,Såld 2022-04-14,26.0
7.6,Träningsvägen 16,8495000.0,"[59.26904759371757, 18.086617881533098]",9800000,15.0,365.0,53.0,"Tallkrogen, Stockholms kommun",184906.0,4.0,Såld 2022-04-14,58.0
8.6,Sorundagatan 10,5500000.0,"[59.277502712, 18.0722017304]",6650000,21.0,359.0,48.0,"Svedmyra, Stockholms kommun",138542.0,4.0,Såld 2022-04-13,50.0
9.6,Gårdsvägen 20A,9595000.0,"[59.27493099887146, 17.933068721237703]",11000000,15.0,13811.0,197.0,"Segeltorp, Huddinge kommun",55838.0,6.0,Såld 2022-04-13,37.0
10.6,Inspektorsbacken 32,6495000.0,"[59.3740921, 17.876749]",7960000,23.0,989.0,138.0,"Vällingby - Nälsta, Stockholms kommun",57681.0,5.0,Såld 2022-04-13,63.0
11.6,Bergslagsvägen 164,10600000.0,"[59.3423424, 17.9102745]",10600000,0.0,487.0,103.0,"Bromma - Norra Ängby, Stockholms kommun",102913.0,7.0,Såld 2022-04-13,53.0
12.6,Vassvägen 8A,6195000.0,"[59.262207, 17.9748421]",6800000,10.0,818.0,117.0,"Snättringe, Huddinge kommun",58120.0,5.0,Såld 2022-04-13,0.0
13.6,Julitavägen 6,9250000.0,"[59.28458, 18.0349617]",9000000,3.0,830.0,126.0,"Örby Slott - Älvsjö, Stockholms kommun",71429.0,5.0,Såld 2022-04-13,56.0
14.6,Frivägen 5,8795000.0,"[59.23085743038048, 18.071866480679667]",9300000,6.0,1930.0,146.0,"Mellansjö, Huddinge kommun",63699.0,5.0,Såld 2022-04-13,38.0
15.6,Ehrenstrahlsvägen 34,17750000.0,"[59.3417075235, 17.8982209575]",17750000,0.0,670.0,162.0,"Södra Ängby, Stockholms kommun",109568.0,7.0,Såld 2022-04-12,55.0
16.6,Ankarstocksvägen 9,8550000.0,"[59.3671559183, 17.9295299464]",8550000,0.0,487.0,70.0,"Bällsta, Stockholms kommun",122143.0,5.0,Såld 2022-04-12,68.0
17.6,Skällnoravägen 3,16000000.0,"[59.3336102557, 17.9218029737]",16000000,0.0,586.0,114.0,"Nockebyhov, Stockholms kommun",140351.0,6.0,Såld 2022-04-12,70.0
18.6,Grenvägen 3,11500000.0,"[59.3360211337, 17.967792885]",11500000,0.0,400.0,119.0,"Ulvsunda, Stockholms kommun",96639.0,6.0,Såld 2022-04-12,45.0
19.6,Karin Boyes gata 15,6495000.0,"[59.28121, 17.9579372]",7000000,8.0,213.0,79.0,"Fruängen, Stockholms kommun",88608.0,4.0,Såld 2022-04-12,19.0
20.6,Orrspelsvägen 86,12900000.0,"[59.32797, 17.946207]",12600000,2.0,592.0,96.0,"Bromma Ålsten, Stockholms kommun",131250.0,5.0,Såld 2022-04-12,61.0
21.6,Sundbyvägen 25,7850000.0,"[59.365784845535416, 17.90757211733896]",8700000,11.0,950.0,106.0,"Spånga Sundby, Stockholms kommun",82075.0,7.0,Såld 2022-04-11,165.0
22.6,Järpstigen 7,19000000.0,"[59.3216506798, 17.9441232463]",19000000,0.0,573.0,206.0,"Ålsten, Stockholms kommun",92233.0,7.0,Såld 2022-04-10,95.0
23.6,Bardabacken 17,26000000.0,"[59.32154, 17.9376678]",26000000,0.0,874.0,229.0,"Höglandet, Stockholms kommun",113537.0,,Såld 2022-04-09,149.0
24.6,Martebogatan 30,12000000.0,"[59.3552743899, 17.9031331698]",12000000,0.0,314.0,174.0,"Beckomberga, Stockholms kommun",68966.0,6.0,Såld 2022-04-08,0.0
25.6,Lingvägen 70,6500000.0,"[59.26636, 18.0829659]",7525000,16.0,400.0,92.0,"Tallkrogen, Stockholms kommun",81793.0,5.0,Såld 2022-04-08,82.0
26.6,Svedmyrastigen 11,9400000.0,"[59.27821, 18.0741234]",9400000,0.0,500.0,71.0,"Svedmyra, Stockholms kommun",132394.0,6.0,Såld 2022-04-08,70.0
27.6,Tryffelgränd 2,15950000.0,"[59.27807431904336, 18.08901233615102]",18600000,17.0,658.0,145.0,"Gamla Enskede, Stockholms kommun",128276.0,7.0,Såld 2022-04-08,86.0
28.6,Högliden 11,13950000.0,"[59.2689323, 18.1752739]",14750000,6.0,961.0,212.0,"Älta - Kolarängen, Nacka kommun",69575.0,8.0,Såld 2022-04-08,0.0
29.6,Gärdesvägen 3,7195000.0,"[59.22470244584141, 18.19868490526507]",7850000,9.0,890.0,113.0,"Trollbäcken, Tyresö kommun",69469.0,,Såld 2022-04-08,86.0
30.6,Inspektorsbacken 45,8175000.0,"[59.37394153966514, 17.877506458190172]",9225000,13.0,760.0,145.0,"Vällingby Nälsta, Stockholms kommun",63621.0,7.0,Såld 2022-04-08,67.0
31.6,Norra Bondevägen 33,8575000.0,"[59.23906423665774, 18.133195864712743]",8575000,0.0,1034.0,168.0,"Stortorp, Huddinge kommun",51042.0,9.0,Såld 2022-04-08,92.0
32.6,Stamvägen 11,5850000.0,"[59.224617, 18.1960678]",6300000,8.0,1262.0,127.0,"Fornudden-Persudde, Tyresö kommun",49606.0,,Såld 2022-04-08,82.0
33.6,Trevna gränd 7,8450000.0,"[59.2715034, 18.1142921]",9500000,12.0,521.0,74.0,"Enskede - Pungpinan, Stockholms kommun",128378.0,5.0,Såld 2022-04-08,42.0
34.6,Printz väg 43,6650000.0,"[59.238472, 18.12978]",6650000,0.0,950.0,109.0,"Stortorp, Huddinge kommun",61009.0,4.0,Såld 2022-04-08,52.0
35.6,Majvägen 4,22975000.0,"[59.330158464814936, 17.976230133609743]",21200000,8.0,918.0,1766.0,"Äppelviken, Stockholms kommun",120045.0,10.0,Såld 2022-04-08,845.0
36.6,Vivelvägen 17,8500000.0,"[59.2755993564119, 17.993288371270193]",9525000,12.0,1109.0,107.0,"Älvsjö, Stockholms kommun",89019.0,5.0,Såld 2022-04-08,127.0
37.6,Beckombergavägen 140,11200000.0,"[59.3482424347, 17.9053794531]",11200000,0.0,493.0,85.0,"Norra Ängby, Stockholms kommun",131765.0,4.0,Såld 2022-04-07,45.0
38.6,Branta backen 18,7950000.0,"[59.23826, 18.12557]",8650000,9.0,764.0,151.0,"Trångsund - Stortorp, Huddinge kommun",57285.0,5.0,Såld 2022-04-07,29.0
39.6,Borevägen 16,7695000.0,"[59.246023757589924, 18.211822402324103]",8580000,12.0,918.0,163.0,"Lindalen, Tyresö kommun",52638.0,6.0,Såld 2022-04-07,0.0
40.6,Rottnevägen 11,7500000.0,"[59.27586, 18.1459026]",9575000,28.0,248.0,85.0,"Bagarmossen, Stockholms kommun",112647.0,6.0,Såld 2022-04-07,51.0
41.6,Nidarosslingan 44,6800000.0,"[59.3970947, 17.83758]",6800000,0.0,243.0,119.0,"Skälby, Järfälla kommun",57143.0,5.0,Såld 2022-04-07,0.0
42.6,Rensgatan 1,14750000.0,"[59.36754, 17.96932]",17800000,21.0,799.0,236.0,"Tulemarken, Sundbybergs kommun",75424.0,8.0,Såld 2022-04-07,59.0
43.6,Vitklövervägen 4A,8975000.0,"[59.36778402531101, 17.89125837335357]",11350000,26.0,525.0,174.0,"Spånga Nälsta, Stockholms kommun",65230.0,6.0,Såld 2022-04-07,0.0
44.6,Fru Marias väg 10,7800000.0,"[59.281516787156384, 17.98933724717765]",7960000,2.0,719.0,68.0,"Älvsjö - Långbro, Stockholms kommun",117059.0,5.0,Såld 2022-04-07,68.0
45.6,Stortorpsvägen 74B,10500000.0,"[59.238384822845234, 18.140496607153658]",13650000,30.0,13218.0,191.0,"Stortorp, Huddinge kommun",71466.0,5.0,Såld 2022-04-07,17.0
46.6,Tallskogsgränd 3,8425000.0,"[59.3854273198, 17.8080812724]",8200000,3.0,746.0,180.0,"Hässelby Norra Villastad, Stockholms kommun",45556.0,6.0,Såld 2022-04-06,30.0
47.6,Hildebrandsvägen 38,11000000.0,"[59.3464508267, 17.9093596859]",11000000,0.0,562.0,101.0,"Norra Ängby, Stockholms kommun",108911.0,5.0,Såld 2022-04-06,50.0
48.6,Flygarvägen 48,9900000.0,"[59.3994942, 17.8689175]",11000000,11.0,1206.0,200.0,"Barkarby, Järfälla kommun",55000.0,7.0,Såld 2022-04-06,118.0
49.6,Edelundavägen 48,6195000.0,"[59.37467, 17.825119]",7125000,15.0,700.0,139.0,"Hässelby Södra Villastad, Stockholms kommun",51259.0,5.0,Såld 2022-04-06,0.0
0.7,Torögatan 71,8495000.0,"[59.272655885984065, 18.074426661477535]",10600000,25.0,498.0,83.0,"Tallkrogen, Stockholms kommun",127711.0,5.0,Såld 2022-04-06,68.0
1.7,Svartlösavägen 42,11950000.0,"[59.28524, 17.9853477]",14650000,23.0,986.0,164.0,"Älvsjö Långbro, Stockholms kommun",89329.0,5.0,Såld 2022-04-06,43.0
2.7,Passvägen 8,7395000.0,"[59.237036371274954, 18.128475916790315]",8400000,14.0,8614.0,193.0,"Stortorp, Huddinge kommun",43523.0,10.0,Såld 2022-04-06,76.0
3.7,Väpnarevägen 32B,6995000.0,"[59.2773247, 17.926445]",7950000,14.0,868.0,128.0,"Segeltorp, Huddinge kommun",62109.0,6.0,Såld 2022-04-06,41.0
4.7,Stackvägen 38C,9300000.0,"[59.42372595567152, 17.932400178386843]",8800000,5.0,8012.0,150.0,"Töjnan, Sollentuna kommun",58667.0,6.0,Såld 2022-04-06,30.0
5.7,Sigridsvägen 5,4495000.0,"[59.25597, 18.00807]",6660000,48.0,1401.0,160.0,"Stuvsta, Huddinge kommun",41625.0,8.0,Såld 2022-04-06,83.0
6.7,Svartlösavägen 28,9800000.0,"[59.28682716621784, 17.984931146093636]",9800000,0.0,549.0,79.0,"Älvsjö, Stockholms kommun",124051.0,5.0,Såld 2022-04-06,58.0
7.7,Essingeringen 41,15000000.0,"[59.322759306594726, 17.995086357219776]",15400000,3.0,683.0,221.0,"Kungsholmen - Stora Essingen, Stockholms kommun",69683.0,6.0,Såld 2022-04-06,33.0
8.7,Vinstavägen 7,8500000.0,"[59.3802103243, 17.8831397599]",8750000,3.0,1106.0,102.0,"Spånga - Solhem, Stockholms kommun",85784.0,5.0,Såld 2022-04-05,100.0
9.7,Kråkbärsgränd 9,5495000.0,"[59.38572, 17.801836]",5750000,5.0,762.0,134.0,"Hässelby Norra Villastad, Stockholms kommun",42910.0,4.0,Såld 2022-04-05,0.0
10.7,Kulstötarvägen 22,7395000.0,"[59.2701212784, 18.0898061942]",9000000,22.0,338.0,48.0,"Tallkrogen, Stockholms kommun",187500.0,4.0,Såld 2022-04-05,48.0
11.7,Branta backen 26,7125000.0,"[59.238734539717115, 18.12602343008625]",8750000,23.0,910.0,165.0,"Stortorp, Huddinge kommun",53030.0,6.0,Såld 2022-04-05,61.0
12.7,Polhemsvägen 18B,10600000.0,"[59.42181, 17.94194]",11500000,8.0,824.0,159.0,"Töjnan, Sollentuna kommun",72327.0,7.0,Såld 2022-04-05,68.0
13.7,Grönskevägen 10,7995000.0,"[59.3749069790465, 17.8963047780178]",9425000,18.0,806.0,141.0,"Spånga - Solhem, Stockholms kommun",66844.0,5.0,Såld 2022-04-05,45.0
14.7,Fornminnesvägen 6A,7495000.0,"[59.28033, 17.92919]",8500000,13.0,1171.0,140.0,"Segeltorp, Huddinge kommun",60714.0,6.0,Såld 2022-04-04,41.0
15.7,Savolaksvägen 10,8500000.0,"[59.2845871407979, 18.0586799007951]",9800000,15.0,508.0,87.0,"Enskedefältet, Stockholms kommun",112644.0,4.0,Såld 2022-04-04,50.0
16.7,Vildandsvägen 19,6495000.0,"[59.248043, 18.055698]",7000000,8.0,486.0,95.0,"Farsta/Fagersjö, Stockholms kommun",73684.0,6.0,Såld 2022-04-02,95.0
17.7,Öbackavägen 7,8975000.0,"[59.332682703978655, 17.919768972379952]",11875000,32.0,518.0,87.0,"Nockebyhov, Stockholms kommun",136494.0,3.0,Såld 2022-04-01,43.0
18.7,Berghällsvägen 5,4600000.0,"[59.2353, 18.0672626]",4830000,5.0,1514.0,63.0,"Ågesta, Huddinge kommun",76667.0,3.0,Såld 2022-04-01,63.0
19.7,Sjöhagsvägen 21,8395000.0,"[59.2273979, 18.1907616]",8700000,4.0,1570.0,155.0,"Fornudden, Tyresö kommun",56129.0,7.0,Såld 2022-04-01,29.0
20.7,Rönnbärsvägen 1,9495000.0,"[59.2542152, 18.1820965]",11700000,23.0,748.0,204.0,"Älta-Hedvigslund, Nacka kommun",57353.0,6.0,Såld 2022-04-01,0.0
21.7,Aroseniusvägen 42,13000000.0,"[59.34242283497429, 17.889764196961416]",13000000,0.0,673.0,154.0,"Södra Ängby, Stockholms kommun",84416.0,6.0,Såld 2022-04-01,28.0
22.7,Fagerstrand 57,8995000.0,"[59.3752327, 17.801]",11575000,29.0,646.0,141.0,"Hässelby Södra Villastad, Stockholms kommun",82092.0,9.0,Såld 2022-04-01,137.0
23.7,Mjölnarstigen 17,7750000.0,"[59.38434642497856, 17.906289576031458]",8650000,12.0,766.0,150.0,"Spånga Bromsten, Stockholms kommun",57667.0,7.0,Såld 2022-04-01,69.0
24.7,Slättgårdsvägen 46,14000000.0,"[59.295470799553044, 17.95480649765988]",14000000,0.0,1100.0,144.0,"Mälarhöjden, Stockholms kommun",97222.0,7.0,Såld 2022-04-01,50.0
25.7,Mellangårdsvägen 15,6500000.0,"[59.38091517862708, 17.874983996478488]",6920000,6.0,729.0,105.0,"Spånga Solhem, Stockholms kommun",65905.0,6.0,Såld 2022-04-01,105.0
26.7,Skälbyvägen 8,5890000.0,"[59.4022430893, 17.862859334]",6900000,17.0,1076.0,90.0,"Barkarby, Järfälla kommun",76667.0,6.0,Såld 2022-03-31,86.0
27.7,Högmora ringväg 24,5495000.0,"[59.2363999684, 18.0475192597]",6200000,13.0,1501.0,64.0,"Högmora, Huddinge kommun",96875.0,5.0,Såld 2022-03-31,35.0
28.7,Rostvingevägen 8,7995000.0,"[59.24708, 18.0268059]",8490000,6.0,877.0,145.0,"Myrängen, Huddinge kommun",58552.0,5.0,Såld 2022-03-31,10.0
29.7,Häradsvägen 12,8500000.0,"[59.25438948552662, 17.991135660503062]",10750000,26.0,1006.0,128.0,"Stuvsta, Huddinge kommun",83984.0,8.0,Såld 2022-03-31,80.0
30.7,Vandrarstigen 17,8500000.0,"[59.3728256, 17.9166489]",8400000,1.0,1260.0,116.0,"Spånga - Sundby, Stockholms kommun",72414.0,5.0,Såld 2022-03-31,66.0
31.7,Månskensvägen 8A,8475000.0,"[59.37524449659057, 17.89952521164355]",8625000,2.0,681.0,194.0,"Spånga Solhem, Stockholms kommun",44459.0,7.0,Såld 2022-03-31,54.0
32.7,Kontoristvägen 23,7495000.0,"[59.2530136, 18.0764313]",8650000,15.0,500.0,96.0,"Hökarängen, Stockholms kommun",90104.0,7.0,Såld 2022-03-31,65.0
33.7,Furuvägen 5B,9995000.0,"[59.2235451, 18.179]",10650000,7.0,1139.0,183.0,"Fornudden, Tyresö kommun",58197.0,7.0,Såld 2022-03-31,47.0
34.7,Björkhagsvägen 32B,8995000.0,"[59.3699971941, 17.9527487478]",10350000,15.0,619.0,119.0,"Duvbo, Sundbybergs kommun",86975.0,5.0,Såld 2022-03-31,0.0
35.7,Sankt Mickelsgatan 171,12750000.0,"[59.29176, 17.9562721]",14000000,10.0,853.0,206.0,"Mälarhöjden - Hägersten, Stockholms kommun",67961.0,6.0,Såld 2022-03-31,86.0
36.7,Kryddkrämarbacken 26,8595000.0,"[59.2924460077, 17.9495030808]",12050000,40.0,547.0,126.0,"Mälarhöjden, Stockholms kommun",95635.0,6.0,Såld 2022-03-31,32.0
37.7,Egilsvägen 34,9950000.0,"[59.342514, 17.91428]",11200000,13.0,488.0,88.0,"Norra Ängby, Stockholms kommun",127273.0,7.0,Såld 2022-03-31,60.0
38.7,Loviselundsvägen 132,8750000.0,"[59.3735237, 17.8230019]",8750000,0.0,920.0,150.0,"Hässelby Södra Villastad, Stockholms kommun",58333.0,5.0,Såld 2022-03-31,36.0
39.7,Victor Balcks väg 167,6795000.0,"[59.26707071252829, 18.091682261971446]",7850000,16.0,464.0,72.0,"Tallkrogen, Stockholms kommun",109028.0,5.0,Såld 2022-03-31,54.0
40.7,Täbylundsvägen 86,6975000.0,"[59.3720866376, 17.8976797208]",7500000,8.0,774.0,223.0,"Spånga - Flysta, Stockholms kommun",33632.0,8.0,Såld 2022-03-30,22.0
41.7,Järnavägen 35,7700000.0,"[59.2710410809, 18.0372001987]",8430000,9.0,644.0,172.0,"Örby, Stockholms kommun",49012.0,6.0,Såld 2022-03-30,24.0
42.7,Mellangårdsvägen 12,8500000.0,"[59.4191839867, 17.9454703913]",8575000,1.0,767.0,126.0,"Fågelsången, Sollentuna kommun",68056.0,5.0,Såld 2022-03-30,0.0
43.7,Tätörtsgränd 26,6895000.0,"[59.38324, 17.80101]",7300000,6.0,470.0,156.0,"Hässelby - Norra Villastad, Stockholms kommun",46795.0,5.0,Såld 2022-03-30,9.0
44.7,Sofiebergsvägen 13,9395000.0,"[59.24967, 18.02025]",9800000,4.0,1101.0,200.0,"Stuvsta, Huddinge kommun",49000.0,8.0,Såld 2022-03-30,104.0
45.7,Inspektorsbacken 22,8875000.0,"[59.374884011196734, 17.87730813305595]",9800000,10.0,1058.0,125.0,"Vällingby Nälsta, Stockholms kommun",78400.0,5.0,Såld 2022-03-30,125.0
46.7,Plantskolevägen 5,17000000.0,"[59.284730007770925, 18.0776606631579]",19700000,16.0,421.0,147.0,"Gamla Enskede, Stockholms kommun",134014.0,7.0,Såld 2022-03-30,73.0
47.7,Hjärtervägen 22,7995000.0,"[59.2382013638, 18.1281266801]",10300000,29.0,1606.0,256.0,"Trångsund, Huddinge kommun",40234.0,8.0,Såld 2022-03-30,52.0
48.7,Uddeholmsvägen 210B,11750000.0,"[59.27825507989007, 18.0507295274668]",15000000,28.0,496.0,134.0,"Stureby, Stockholms kommun",111940.0,7.0,Såld 2022-03-30,61.0
49.7,Jomsborgsvägen 9,12300000.0,"[59.3460121, 17.9054623]",14500000,18.0,480.0,130.0,"Bromma - Norra Ängby, Stockholms kommun",111538.0,7.0,Såld 2022-03-29,70.0
0.8,Malmvägen 71,5475000.0,"[59.2805977, 17.9556866]",6000000,10.0,229.0,110.0,"Segeltorp, Huddinge kommun",54545.0,,Såld 2022-03-29,10.0
1.8,Sätthammarvägen 11B,5450000.0,"[59.2803539875, 17.9398378555]",6900000,27.0,10205.0,68.0,"Segeltorp, Huddinge kommun",101471.0,6.0,Såld 2022-03-29,62.0
2.8,Pliggvägen 16,6500000.0,"[59.2870761522, 18.0134696252]",7700000,18.0,620.0,85.0,"Solberga, Stockholms kommun",90588.0,5.0,Såld 2022-03-29,85.0
3.8,Siggedalsvägen 16,11200000.0,"[59.3392575395, 17.9662513733]",11200000,0.0,,127.0,"Ulvsunda, Stockholms kommun",88189.0,5.0,Såld 2022-03-29,0.0
4.8,Gripsholmsvägen 9,8875000.0,"[59.2833549825593, 18.0325774954072]",11500000,30.0,816.0,119.0,"Älvsjö-Örby Slott, Stockholms kommun",96639.0,6.0,Såld 2022-03-29,70.0
5.8,Mosskroken 18,14995000.0,"[59.32965, 17.95879]",14200000,5.0,,155.0,"Stora Mossen, Stockholms kommun",91613.0,5.0,Såld 2022-03-28,0.0
6.8,Medelpadsgatan 5,6490000.0,"[59.35816, 17.8893528]",7700000,19.0,478.0,66.0,"Vällingby - Råcksta, Stockholms kommun",116667.0,5.0,Såld 2022-03-28,66.0
7.8,Viltorpsbacken 81,5500000.0,"[59.37281, 17.8643017]",6200000,13.0,353.0,126.0,"Vällingby - Vinsta, Stockholms kommun",49206.0,5.0,Såld 2022-03-28,4.0
8.8,Norlindsvägen 25,8495000.0,"[59.3553520745678, 17.9147884910278]",8700000,2.0,612.0,65.0,"Bromma Kyrka, Stockholms kommun",133846.0,45.0,Såld 2022-03-28,70.0
9.8,Sångmöstigen 3,29900000.0,"[59.32189, 17.94161]",31100000,4.0,1090.0,240.0,"Bromma Höglandet, Stockholms kommun",129583.0,9.0,Såld 2022-03-27,111.0
10.8,Blackstavägen 3,9950000.0,"[59.2734566, 18.0301266]",12177000,22.0,902.0,165.0,"Älvsjö / Örby, Stockholms kommun",73800.0,6.0,Såld 2022-03-26,7.0
11.8,Täbylundsvägen 10,7250000.0,"[59.3681335, 17.890461]",7485000,3.0,598.0,154.0,"Spånga - Nälsta, Stockholms kommun",48604.0,6.0,Såld 2022-03-25,110.0
12.8,Hjortronvägen 3,7995000.0,"[59.3594213756, 17.9089722611]",8350000,4.0,348.0,112.0,"Eneby, Stockholms kommun",74554.0,5.0,Såld 2022-03-25,41.0
13.8,Vallörtsgränd 15,8500000.0,"[59.38139905416564, 17.840485662201367]",8500000,0.0,771.0,176.0,"Vällingby Kälvesta, Stockholms kommun",48295.0,7.0,Såld 2022-03-25,24.0
14.8,Boxergränd 38,5700000.0,"[59.26279418927065, 18.1127375988058]",7000000,23.0,285.0,139.0,"Sköndal, Stockholms kommun",50360.0,5.0,Såld 2022-03-25,0.0
15.8,Krokanvägen 10,7195000.0,"[59.25426554198781, 18.10192029831197]",7550000,5.0,546.0,90.0,"Sköndal, Stockholms kommun",83889.0,8.0,Såld 2022-03-24,80.0
16.8,Stupvägen 2B,8650000.0,"[59.2266740380685, 18.18965898544003]",9400000,9.0,924.0,172.0,"Fornudden - Persudde, Tyresö kommun",54651.0,5.0,Såld 2022-03-24,0.0
17.8,Näckvägen 4A,7500000.0,"[59.416378, 17.9513187]",9000000,20.0,1005.0,141.0,"Fågelsången, Sollentuna kommun",63830.0,7.0,Såld 2022-03-24,131.0
18.8,Blåvingevägen 1,11750000.0,"[59.27094, 17.9816265]",13730000,17.0,814.0,160.0,"ÄLVSJÖ, Stockholms kommun",85813.0,6.0,Såld 2022-03-24,69.0
19.8,Lammholmsbacken 30,4490000.0,"[59.2695465, 17.8952961]",5150000,15.0,494.0,112.0,"Skärholmen, Stockholms kommun",45982.0,4.0,Såld 2022-03-24,19.0
20.8,Viltorpsbacken 73,6790000.0,"[59.37282908885144, 17.865147157774658]",6790000,0.0,550.0,126.0,"Vinsta, Stockholms kommun",53889.0,6.0,Såld 2022-03-24,83.0
21.8,Knektvägen 4B,6425000.0,"[59.229461853040235, 18.202083799944436]",7550000,18.0,936.0,108.0,"Trollbäcken/Hanviken, Tyresö kommun",69907.0,7.0,Såld 2022-03-24,121.0
22.8,Brättnevägen 8,12000000.0,"[59.2765261726626, 18.0570819583772]",16100000,34.0,982.0,218.0,"Stureby, Stockholms kommun",73853.0,6.0,Såld 2022-03-24,45.0
23.8,Sockenvägen 452,11500000.0,"[59.27890023050712, 18.087382125949812]",12500000,9.0,453.0,118.0,"Gamla Enskede, Stockholms kommun",105932.0,7.0,Såld 2022-03-24,65.0
24.8,Tapetserarvägen 35,10500000.0,"[59.33178, 17.9418964]",11900000,13.0,727.0,76.0,"Bromma - Olovslund, Stockholms kommun",156579.0,5.0,Såld 2022-03-23,60.0
25.8,Chronas väg 21,6495000.0,"[59.277582902233775, 17.947496295021935]",7050000,9.0,897.0,96.0,"Huddinge - Segeltorp, Huddinge kommun",73438.0,7.0,Såld 2022-03-23,49.0
26.8,Patron Bergs väg 12,6300000.0,"[59.27399, 17.9272671]",7150000,13.0,841.0,70.0,"Segeltorp, Huddinge kommun",102143.0,5.0,Såld 2022-03-23,66.0
27.8,Guttormsvägen 8,13900000.0,"[59.329277, 17.9338]",14000000,1.0,656.0,152.0,"Bromma Nockeby, Stockholms kommun",92105.0,6.0,Såld 2022-03-23,58.0
28.8,Nidälvsgränd 35,9250000.0,"[59.270584969659446, 18.139277521341928]",9650000,4.0,560.0,99.0,"Bagarmossen, Stockholms kommun",97475.0,5.0,Såld 2022-03-23,67.0
29.8,Blomsterkungsvägen 390,4975000.0,"[59.391523452517816, 17.805135233126762]",5750000,16.0,288.0,126.0,"Hässelby Norra Villastad, Stockholms kommun",45635.0,6.0,Såld 2022-03-22,10.0
30.8,Sexmansvägen 12,7895000.0,"[59.2594948, 17.9861126]",9150000,16.0,1658.0,139.0,"Snättringe, Huddinge kommun",65827.0,5.0,Såld 2022-03-22,25.0
31.8,Kexvägen 15,6995000.0,"[59.25605, 18.10194]",9200000,32.0,532.0,93.0,"Sköndal - Kakstan, Stockholms kommun",98925.0,10.0,Såld 2022-03-22,70.0
32.8,Tallåsvägen 25,6995000.0,"[59.3740925574733, 17.9199347675262]",6830000,2.0,1083.0,150.0,"Spånga -  Bromsten, Stockholms kommun",45533.0,5.0,Såld 2022-03-22,11.0
33.8,Medelpadsgatan 24,6495000.0,"[59.359417, 17.8908558]",7500000,15.0,575.0,67.0,"Vällingby - Råcksta, Stockholms kommun",111940.0,5.0,Såld 2022-03-21,67.0
34.8,Skogsbrynsvägen 5B,7200000.0,"[59.25343, 18.00594]",7200000,0.0,1368.0,90.0,"Stuvsta Segersminne, Huddinge kommun",80000.0,3.0,Såld 2022-03-21,45.0
35.8,Furuvägen 4,8995000.0,"[59.22285106774492, 18.180928620715807]",9700000,8.0,939.0,235.0,"Fornudden, Tyresö kommun",41277.0,7.0,Såld 2022-03-21,33.0
36.8,Polovägen 13,7950000.0,"[59.2667123367625, 18.095037647731477]",8870000,12.0,488.0,65.0,"Enskede / Tallkrogen - Gubbängen, Stockholms kommun",136462.0,5.0,Såld 2022-03-19,78.0
37.8,Lammholmsbacken 108,4490000.0,"[59.2695656, 17.8926144]",5300000,18.0,381.0,128.0,"Skärholmen, Stockholms kommun",41406.0,6.0,Såld 2022-03-18,0.0
38.8,Träningsvägen 7,8495000.0,"[59.2694664, 18.0869656]",9750000,15.0,336.0,92.0,"Tallkrogen, Stockholms kommun",105978.0,5.0,Såld 2022-03-18,51.0
39.8,Wadköpingsvägen 18,12900000.0,"[59.3327026, 17.9172649]",13650000,6.0,514.0,144.0,"Bromma Nockebyhov, Stockholms kommun",94792.0,6.0,Såld 2022-03-18,72.0
40.8,Hirdvägen 21,9200000.0,"[59.3506557901, 17.8914113693]",9700000,5.0,431.0,75.0,"Norra Ängby, Stockholms kommun",129333.0,6.0,Såld 2022-03-17,75.0
41.8,Blomsterkungsvägen 163,5050000.0,"[59.3892947365, 17.804149496]",5050000,0.0,311.0,138.0,"Hässelby Norra Villastad, Stockholms kommun",36594.0,5.0,Såld 2022-03-17,0.0
42.8,Jomsborgsvägen 27,8975000.0,"[59.34442, 17.9037552]",9430000,5.0,349.0,66.0,"Bromma - Norra Ängby, Stockholms kommun",142879.0,6.0,Såld 2022-03-17,62.0
43.8,Victor Balcks väg 157,8495000.0,"[59.267838527178476, 18.091137492814525]",9820000,16.0,478.0,101.0,"Tallkrogen, Stockholms kommun",97228.0,6.0,Såld 2022-03-17,95.0
44.8,Vretvägen 7A,11800000.0,"[59.35431, 17.9110432]",14775000,25.0,704.0,206.0,"Bromma - Bromma Kyrka, Stockholms kommun",71723.0,7.0,Såld 2022-03-16,124.0
45.8,Meteorvägen 19B,6395000.0,"[59.3813858, 17.8291321]",6450000,1.0,791.0,146.0,"Skälby, Järfälla kommun",44178.0,7.0,Såld 2022-03-16,20.0
46.8,Borevägen 7A,9800000.0,"[59.2467041, 18.2119026]",10300000,5.0,804.0,186.0,"Lindalen, Tyresö kommun",55376.0,7.0,Såld 2022-03-16,0.0
47.8,Vädurens väg 24,7795000.0,"[59.38778966036401, 17.829690972001696]",8700000,12.0,1029.0,189.0,"Skälby, Järfälla kommun",46032.0,6.0,Såld 2022-03-16,27.0
48.8,Beckombergavägen 210,6995000.0,"[59.35481, 17.90155]",7100000,2.0,341.0,70.0,"Bromma / Beckomberga, Stockholms kommun",101429.0,6.0,Såld 2022-03-16,60.0
49.8,Båtsman Stens väg 25,6475000.0,"[59.383429027404084, 17.923129866877925]",7450000,15.0,999.0,104.0,"Bromsten, Stockholms kommun",71635.0,6.0,Såld 2022-03-16,58.0
0.9,Doktor Robertsons väg 10,6500000.0,"[59.38051, 17.91982]",6900000,6.0,640.0,83.0,"Spånga - Bromsten, Stockholms kommun",83133.0,5.0,Såld 2022-03-16,83.0
1.9,Smörbrödsvägen 6,9400000.0,"[59.2544327, 18.1085281]",9400000,0.0,632.0,102.0,"Sköndal - Kakstan, Stockholms kommun",92157.0,6.0,Såld 2022-03-15,118.0
2.9,Bokvägen 25,10900000.0,"[59.41200309426195, 17.950813662877216]",11100000,2.0,11125.0,248.0,"Helenelund, Sollentuna kommun",44758.0,9.0,Såld 2022-03-15,4.0
3.9,Långlötsvägen 6,12995000.0,"[59.3719864, 17.96134]",15000000,15.0,687.0,141.0,"Duvbo, Sundbybergs kommun",106383.0,4.0,Såld 2022-03-15,27.0
4.9,Barrstigen 3,10700000.0,"[59.3359983497111, 17.9638207096795]",10700000,0.0,500.0,108.0,"Ulvsunda, Stockholms kommun",99074.0,7.0,Såld 2022-03-15,83.0
5.9,Villavägen 22A,9800000.0,"[59.4238853, 17.9347019]",11800000,20.0,735.0,1795.0,"Töjnan, Sollentuna kommun",65738.0,7.0,Såld 2022-03-14,12.0
6.9,Dalgårdsvägen 26,12895000.0,"[59.28551500630164, 18.101447545437225]",13600000,5.0,556.0,135.0,"Enskededalen, Stockholms kommun",100741.0,6.0,Såld 2022-03-14,42.0
7.9,Dalvägen 80,6475000.0,"[59.27912, 17.9520512]",7150000,10.0,176.0,102.0,"Segeltorp, Huddinge kommun",70098.0,5.0,Såld 2022-03-14,50.0
8.9,Stugvägen 28,12000000.0,"[59.3308272783, 17.9422446139]",12000000,0.0,436.0,86.0,"Olovslund, Stockholms kommun",139535.0,5.0,Såld 2022-03-14,38.0
9.9,Terserusvägen 9,22500000.0,"[59.35525, 17.9170475]",20200000,10.0,858.0,153.0,"Bromma Bromma Kyrka, Stockholms kommun",132026.0,7.0,Såld 2022-03-13,56.0
10.9,Berghamnsvägen 41,7975000.0,"[59.3743225293, 17.8128257013]",8900000,12.0,600.0,220.0,"Hässelby Södra Villastad, Stockholms kommun",40455.0,7.0,Såld 2022-03-12,36.0
11.9,Tjädervägen 13,8700000.0,"[59.26723826015274, 17.956249049376947]",8700000,0.0,1143.0,127.0,"Segeltorp, Huddinge kommun",68504.0,5.0,Såld 2022-03-11,127.0
12.9,Kärvbacken 11,6995000.0,"[59.37566, 17.9084415]",7800000,12.0,609.0,148.0,"Spånga, Sundby, Stockholms kommun",52703.0,5.0,Såld 2022-03-11,12.0
13.9,Blodboksgränd 14,5995000.0,"[59.3905754, 17.8093529]",6500000,8.0,906.0,71.0,"Hässelby Norra Villastad, Stockholms kommun",91549.0,4.0,Såld 2022-03-11,66.0
14.9,Kometvägen 9,6490000.0,"[59.388298, 17.8469753]",6900000,6.0,855.0,113.0,"Skälby, Järfälla kommun",61062.0,5.0,Såld 2022-03-11,137.0
15.9,Börjesonsvägen 5,12000000.0,"[59.33893238306386, 17.89676647353154]",15550000,30.0,729.0,132.0,"Södra Ängby, Stockholms kommun",117803.0,7.0,Såld 2022-03-11,54.0
16.9,Småbrukarvägen 46C,1475000.0,"[59.3704400502, 17.9164910447]",1490000,1.0,,21.0,"Spånga - Sundby, Stockholms kommun",70952.0,2.0,Såld 2022-03-10,12.0
17.9,Höjdvägen 15B,8500000.0,"[59.2269498088, 18.1887852471]",8500000,0.0,1602.0,116.0,"Persudde, Tyresö kommun",73276.0,4.0,Såld 2022-03-09,0.0
18.9,Forsfararvägen 4,7495000.0,"[59.23477267905964, 18.130713192026384]",9300000,24.0,1530.0,121.0,"Trångsund, Huddinge kommun",76860.0,6.0,Såld 2022-03-09,25.0
19.9,Själlandsgatan 85,3595000.0,"[59.39785178704126, 17.93670002843043]",4200000,17.0,327.0,76.0,"Kista, Stockholms kommun",55263.0,3.0,Såld 2022-03-09,0.0
20.9,Wormsövägen 17,11000000.0,"[59.28387964190992, 18.062244774570317]",13500000,23.0,573.0,99.0,"Enskedefältet, Stockholms kommun",136364.0,6.0,Såld 2022-03-09,48.0
21.9,Byvägen 7,7475000.0,"[59.3647239611102, 17.906590579369944]",7475000,0.0,896.0,148.0,"Spånga Sundby, Stockholms kommun",50507.0,11.0,Såld 2022-03-08,206.0
22.9,Skrakvägen 5,5995000.0,"[59.2741928, 17.9509163]",7200000,20.0,806.0,146.0,"Segeltorp, Huddinge kommun",49315.0,8.0,Såld 2022-03-08,75.0
23.9,Långkärrsvägen 3,7650000.0,"[59.24555453498189, 18.013427413747348]",8400000,10.0,1150.0,140.0,"Stuvsta, Huddinge kommun",60000.0,5.0,Såld 2022-03-07,30.0
24.9,"Mariehällsvägen 22, eget hus ",6495000.0,"[59.36131, 17.957603]",7000000,8.0,,88.0,"Mariehäll, Stockholms kommun",79545.0,3.0,Såld 2022-03-04,0.0
25.9,Kälkbacken 3,9295000.0,"[59.3753624, 17.8936119]",10300000,11.0,1224.0,134.0,"Spånga Solhem, Stockholms kommun",76866.0,5.0,Såld 2022-03-04,43.0
26.9,Parkvägen 26,6950000.0,"[59.22368242673653, 18.187198507653115]",6875000,1.0,443.0,144.0,"Fornudden, Tyresö kommun",47743.0,8.0,Såld 2022-03-04,76.0
27.9,Lievägen 20,6495000.0,"[59.2832832, 17.98737]",7550000,16.0,602.0,68.0,"Älvsjö Långbro, Stockholms kommun",111029.0,4.0,Såld 2022-03-03,34.0
28.9,Giggvägen 15,7500000.0,"[59.2848960272, 17.9774011451]",8300000,11.0,558.0,68.0,"Älvsjö/Långbro, Stockholms kommun",122059.0,4.0,Såld 2022-03-03,68.0
29.9,Danavägen 40,9025000.0,"[59.3516, 17.8911266]",9025000,0.0,487.0,93.0,"Norra Ängby, Stockholms kommun",97043.0,7.0,Såld 2022-03-03,66.0
30.9,Sveavägen 19,8500000.0,"[59.4193573, 17.9366646]",9000000,6.0,1140.0,163.0,"Töjnan/Tureberg, Sollentuna kommun",55215.0,7.0,Såld 2022-03-03,88.0
31.9,Vadsbrovägen 19,7700000.0,"[59.2689828358752, 18.03251715504417]",9300000,21.0,569.0,74.0,"Örby, Stockholms kommun",125676.0,5.0,Såld 2022-03-02,70.0
32.9,Linbodavägen 115,6250000.0,"[59.274300901, 17.9854646569]",7450000,19.0,600.0,67.0,"Älvsjö/Herrängen, Stockholms kommun",111194.0,4.0,Såld 2022-03-02,61.0
33.9,Flötviksvägen 9A,8995000.0,"[59.3784142, 17.8016167]",8995000,0.0,687.0,140.0,"Hässelby Södra Villastad, Stockholms kommun",64250.0,6.0,Såld 2022-03-02,60.0
34.9,Poppelvägen 11A,7775000.0,"[59.39556, 17.865984]",9000000,16.0,827.0,228.0,"Järfälla Barkarby, Järfälla kommun",39474.0,8.0,Såld 2022-03-02,16.0
35.9,Skydraget 15,9975000.0,"[59.37639609311378, 17.901682070518607]",9900000,1.0,1120.0,152.0,"Spånga Solhem, Stockholms kommun",65132.0,6.0,Såld 2022-03-02,84.0
36.9,Granvägen 8A,6975000.0,"[59.22435051109092, 18.187990228249653]",7850000,13.0,996.0,157.0,"Fornudden, Tyresö kommun",50000.0,6.0,Såld 2022-03-01,64.0
37.9,Danielsvägen 11,10495000.0,"[59.31423, 18.1600132]",12500000,19.0,911.0,160.0,"Vikdalen, Nacka kommun",78125.0,5.0,Såld 2022-02-28,0.0
38.9,Jakobslundsvägen 9,6875000.0,"[59.27766, 17.9515266]",7450000,8.0,801.0,149.0,"Segeltorp, Huddinge kommun",50000.0,5.0,Såld 2022-02-27,45.0
39.9,Pettersbergsvägen 18b,12995000.0,"[59.3032341, 17.9555111]",15500000,19.0,883.0,195.0,"Mälarhöjden, Stockholms kommun",79487.0,7.0,Såld 2022-02-27,71.0
40.9,Fyrklöversbackarna 1,8495000.0,"[59.3672689363, 17.8234286109]",8600000,1.0,605.0,139.0,"Hässelby Södra Villastad, Stockholms kommun",61871.0,7.0,Såld 2022-02-25,115.0
41.9,Hermelinstigen 8,24500000.0,"[59.3340569, 17.9615421]",25000000,2.0,727.0,281.0,"Bromma - Stora Mossen, Stockholms kommun",88968.0,8.0,Såld 2022-02-25,82.0
42.9,Svampvägen 145,14600000.0,"[59.2797204715327, 18.082009194502476]",15400000,5.0,903.0,162.0,"Gamla Enskede, Stockholms kommun",95062.0,6.0,Såld 2022-02-25,94.0
43.9,Hagtornsvägen 33,15895000.0,"[59.278087082802976, 18.112684017076088]",15700000,1.0,763.0,137.0,"Enskededalen, Stockholms kommun",114599.0,8.0,Såld 2022-02-25,70.0
44.9,Sadelvägen 3B,12150000.0,"[59.4324135404, 17.9349904381]",12150000,0.0,844.0,172.0,"Tureberg, Sollentuna kommun",70640.0,8.0,Såld 2022-02-25,30.0
45.9,Blackensvägen 63,9500000.0,"[59.2829447557, 17.9931258364]",11760000,24.0,624.0,164.0,"Älvsjö/Långbro, Stockholms kommun",71707.0,8.0,Såld 2022-02-25,70.0
46.9,Sätragårdsvägen 267,7295000.0,"[59.28763, 17.9020538]",7295000,0.0,618.0,125.0,"Sätra, Stockholms kommun",58360.0,,Såld 2022-02-25,81.0
47.9,Myntvägen 11B,9795000.0,"[59.392398241832566, 17.855415529146335]",10200000,4.0,700.0,172.0,"Skälby, Järfälla kommun",59302.0,6.0,Såld 2022-02-25,36.0
48.9,Fyndevägen 5,11950000.0,"[59.4293953737, 17.9294253117]",13000000,9.0,1307.0,174.0,"Töjnan, Sollentuna kommun",74713.0,8.0,Såld 2022-02-24,90.0
49.9,Skogsvägen 38,12495000.0,"[59.2792205936, 18.0882936191]",15000000,20.0,691.0,137.0,"Gamla Enskede, Stockholms kommun",109489.0,5.0,Såld 2022-02-24,64.0
